tconst	titleType	primaryTitle	originalTitle	isAdult	startYear	endYear	runtimeMinutes	genres
tt0000873	short	Bakchisarayskiy fontan	Bakchisarayskiy fontan	0	1909	\N	\N	Drama,Short
tt0000397	short	La gavotte	La gavotte	0	1902	\N	\N	Short
tt0003783	short	Colonel Heeza Liar in the Wilderness	Colonel Heeza Liar in the Wilderness	0	1914	\N	\N	Animation,Comedy,Short
tt0000583	short	The Lady with the Camellias	Kameliadamen	0	1907	\N	14	Drama,Romance,Short
tt0004915	movie	As Ye Repent	As Ye Repent	0	1915	\N	\N	Drama
tt0004076	short	Her Last Chance	Her Last Chance	0	1914	\N	\N	Comedy,Short
tt0002073	short	Broncho Billy's Mexican Wife	Broncho Billy's Mexican Wife	0	1912	\N	\N	Short,Western
tt0002051	short	The Battle of the Red Men	The Battle of the Red Men	0	1912	\N	\N	Short,Western
tt0004237	movie	The Little Jewess	The Little Jewess	0	1914	\N	\N	Drama
tt0003368	short	The Sheriff and the Rustler	The Sheriff and the Rustler	0	1913	\N	\N	Short,Western
tt0004227	short	Lights and Shadows	Lights and Shadows	0	1914	\N	\N	Drama,Short
tt0003136	short	Mercy Merrick	Mercy Merrick	0	1913	\N	\N	Drama,Short
tt0000139	short	L'aveugle	L'aveugle	0	1897	\N	\N	Drama,Short
tt0001734	short	The Little Daughter's Letter	The Little Daughter's Letter	0	1911	\N	16	Drama,Short
tt0001028	movie	Salome Mad	Salome Mad	0	1909	\N	\N	Comedy
tt0000122	short	Closing Hours at Vibert's Perfume Factory	Sortie des ateliers Vibert	0	1896	\N	\N	Documentary,Short
tt0000725	short	Mixed Babies	Mixed Babies	0	1908	\N	\N	Comedy,Short
tt0001119	short	Arms and the Woman	Arms and the Woman	0	1910	\N	\N	Drama,Short
tt0000157	short	Idylle	Idylle	0	1897	\N	\N	Short
tt0000609	short	Othello	Otello	0	1906	\N	\N	Drama,Music,Romance
tt0002837	short	Fabricación del hielo	Fabricación del hielo	0	1913	\N	\N	Documentary,Short
tt0003075	short	The Little Tease	The Little Tease	0	1913	\N	25	Drama,Short
tt0000692	short	El fusilamiento de Dorrego	El fusilamiento de Dorrego	0	1908	\N	\N	History,Short
tt0001990	short	The Yiddisher Cowboy	The Yiddisher Cowboy	0	1911	\N	\N	Comedy,Short,Western
tt0001440	movie	Valdemar Sejr	Valdemar Sejr	0	1910	\N	\N	Drama,History
tt0001957	short	Under forvandlingens lov	Under forvandlingens lov	0	1911	\N	31	Drama,Romance,Short
tt0000178	short	The Cavalier's Dream	The Cavalier's Dream	0	1898	\N	1	Fantasy,Horror,Short
tt0003249	short	Outwitting Dad	Outwitting Dad	0	1914	\N	10	Comedy,Short
tt0003237	short	Omens and Oracles	Omens and Oracles	0	1913	\N	\N	Comedy,Short
tt0002987	movie	How Fine, How Fresh the Roses Were	Kak khoroshi, kak svezhi byli rozy	0	1913	\N	\N	Romance
tt0001869	short	Samson and Delilah	Samson and Delilah	0	1911	\N	15	Short
tt0001120	short	As It Is in Life	As It Is in Life	0	1910	\N	16	Drama,Short
tt0001317	short	The Mexican's Faith	The Mexican's Faith	0	1910	\N	\N	Short,Western
tt0000076	short	Exit of Rip and the Dwarf	Exit of Rip and the Dwarf	0	1896	\N	1	Drama,Short
tt0003349	short	The Sandstorm	The Sandstorm	0	1913	\N	\N	Animation,Short
tt0002159	short	The Engagement Ring	The Engagement Ring	0	1912	\N	8	Comedy,Short
tt0001486	short	At the Threshold of Life	At the Threshold of Life	0	1911	\N	\N	Drama,Short
tt0004779	movie	The War of the World	The War of the World	0	1914	\N	\N	Documentary
tt0000882	short	The Golden Louis	The Golden Louis	0	1909	\N	5	Drama,Short
tt0001912	short	The Switchman's Tower	The Switchman's Tower	0	1911	\N	\N	Drama,Short
tt0002999	short	The Ideal Wife	Die ideale Gattin	0	1913	\N	24	Comedy,Short
tt0001244	short	Her Photograph	Her Photograph	0	1910	\N	\N	Comedy,Short
tt0004329	short	The Midnight Call	The Midnight Call	0	1914	\N	\N	Drama,Short
tt0001431	short	The Unchanging Sea	The Unchanging Sea	0	1910	\N	14	Drama,Short
tt0003487	short	The Two Widows	The Two Widows	0	1913	\N	\N	Comedy,Short
tt0004219	short	Liberty Belles	Liberty Belles	0	1914	\N	30	Comedy,Romance,Short
tt0003542	short	Where Charity Begins	Where Charity Begins	0	1913	\N	\N	Drama,Short
tt0002891	short	A Game of Cards	A Game of Cards	0	1913	\N	11	Drama,Short
tt0003376	movie	Silvia Silombra	Silvia Silombra	0	1913	\N	\N	\N
tt0000924	short	A Bad Case	Les joyeux microbes	0	1909	\N	5	Animation,Short
tt0004958	short	Bertie's Stratagem	Bertie's Stratagem	0	1915	\N	\N	Comedy,Short
tt0001570	short	The Daisy Cowboys	The Daisy Cowboys	0	1911	\N	\N	Comedy,Short
tt0001550	short	The Coffin Ship	The Coffin Ship	0	1911	\N	15	Adventure,Short
tt0004888	short	Ambrose's Nasty Temper	Ambrose's Nasty Temper	0	1915	\N	11	Comedy,Short
tt0001286	short	Little Angels of Luck	Little Angels of Luck	0	1910	\N	17	Drama,Short
tt0000052	short	Ruraux au galop	Ruraux au galop	0	1896	\N	1	Documentary,Short
tt0001488	short	The Hallucinations of Baron Munchausen	Les Hallucinations du baron de Münchhausen	0	1911	\N	11	Fantasy,Short
tt0004318	short	McSweeney's Masterpiece	McSweeney's Masterpiece	0	1914	\N	\N	Comedy,Short
tt0000893	short	Her Indian Hero	Her Indian Hero	0	1912	\N	12	Short,Western
tt0000508	short	Desde el coso a la calle Cerdán (Calles y plazas de Zaragoza)	Desde el coso a la calle Cerdán (Calles y plazas de Zaragoza)	0	1905	\N	\N	Documentary,Short
tt0004458	movie	The Path Forbidden	The Path Forbidden	0	1914	\N	\N	Drama
tt0004928	movie	The Avalanche	The Avalanche	0	1915	\N	\N	Drama
tt0000362	short	Lecture quotidienne	Lecture quotidienne	0	1901	\N	\N	Short
tt0004578	short	Shadowed	Shadowed	0	1914	\N	\N	Comedy,Short
tt0002562	short	The Victoria Cross	The Victoria Cross	0	1912	\N	15	Drama,Short
tt0003688	movie	The Book of Nature	The Book of Nature	0	1914	\N	\N	Documentary
tt0004791	short	What They Eat	What They Eat	0	1914	\N	\N	Animation,Short
tt0002807	short	The Doctor's Photograph	The Doctor's Photograph	0	1913	\N	11	Drama,Short
tt0001104	short	The Affair of an Egg	The Affair of an Egg	0	1910	\N	3	Comedy,Short
tt0002154	short	Early Days in the West	Early Days in the West	0	1912	\N	\N	Short,Western
tt0003585	short	'Cross the Mexican Line	'Cross the Mexican Line	0	1914	\N	\N	Drama,Romance,Short
tt0003860	short	Double Crossed	Double Crossed	0	1914	\N	14	Comedy,Short
tt0001063	short	Those Boys!	Those Boys!	0	1909	\N	4	Short
tt0000456	short	N.Y. Fire Department Returning	N.Y. Fire Department Returning	0	1903	\N	\N	Documentary,Short
tt0003786	short	Colonel Heeza Liar, Farmer	Colonel Heeza Liar, Farmer	0	1914	\N	\N	Animation,Comedy,Short
tt0004735	short	The Turning of the Road	The Turning of the Road	0	1914	\N	\N	Drama,Short
tt0004809	short	Why the Sheriff Is a Bachelor	Why the Sheriff Is a Bachelor	0	1911	\N	\N	Short,Western
tt0003856	movie	The Dollar Mark	The Dollar Mark	0	1914	\N	50	Drama
tt0003099	short	The Lure of the Stage	The Lure of the Stage	0	1913	\N	10	Drama,Short
tt0001543	short	The Child Crusoes	The Child Crusoes	0	1911	\N	\N	Adventure,Short
tt0004307	movie	Martin Eden	Martin Eden	0	1914	\N	50	Drama
tt0001967	short	Life as It Is	La vie telle qu'elle est	0	1911	\N	\N	Drama,Short
tt0002605	movie	The Adventures of Kathlyn	The Adventures of Kathlyn	0	1913	\N	300	Adventure
tt0003427	short	The Switch Tower	The Switch Tower	0	1913	\N	11	Drama,Short
tt0002223	short	The Green-Eyed Monster	The Green-Eyed Monster	0	1912	\N	\N	Drama,Short
tt0004802	short	Where Paths Diverge	Where Paths Diverge	0	1914	\N	\N	Drama,Short
tt0001947	short	Two Officers	Two Officers	0	1911	\N	\N	Drama,Short
tt0003517	short	Wanted, a Strong Hand	Wanted, a Strong Hand	0	1913	\N	\N	Comedy,Short
tt0004699	movie	The Three of Us	The Three of Us	0	1914	\N	\N	Drama
tt0002441	short	A Pueblo Legend	A Pueblo Legend	0	1912	\N	24	Romance,Short
tt0001803	movie	The Mystery of a Hansom Cab	The Mystery of a Hansom Cab	0	1911	\N	\N	\N
tt0002706	short	Broncho Billy and the Step-Sisters	Broncho Billy and the Step-Sisters	0	1913	\N	11	Short,Western
tt0002498	short	The Soldier Brothers of Susanna	The Soldier Brothers of Susanna	0	1912	\N	\N	Drama,Family,Short
tt0000127	short	Les tribulations d'un concierge	Les tribulations d'un concierge	0	1896	\N	\N	Comedy,Short
tt0000208	short	The Miller and Chimney Sweep	The Miller and the Sweep	0	1897	\N	1	Comedy,Short
tt0004793	short	The Wheel of Life	The Wheel of Life	0	1914	\N	\N	Drama,Short
tt0000717	short	Macbeth	Macbeth	0	1908	\N	9	Drama,Short
tt0002997	short	I'm No Counterfeiter	I'm No Counterfeiter	0	1913	\N	\N	Drama,Short
tt0003360	short	The Black Ball; or, Vengeance Bequeathed	Die schwarze Kugel oder Die geheimnisvollen Schwestern	0	1913	\N	39	Drama,Short
tt0004789	movie	What Is to Be Done?	What Is to Be Done?	0	1914	\N	\N	Drama
tt0001170	short	A Cowboy's Vindication	A Cowboy's Vindication	0	1910	\N	\N	Short,Western
tt0001153	short	A Child's Stratagem	A Child's Stratagem	0	1910	\N	17	Drama,Short
tt0003248	short	Out of the Grave	Out of the Grave	0	1913	\N	\N	Drama,Short
tt0003217	short	Northern Hearts	Northern Hearts	0	1913	\N	10	Drama,Short
tt0002971	short	His Tired Uncle	His Tired Uncle	0	1913	\N	7	Comedy,Short
tt0000819	short	A Burglar's Mistake	A Burglar's Mistake	0	1909	\N	10	Crime,Short
tt0003193	short	Mutt and Jeff	Mutt and Jeff	0	1913	\N	\N	Animation,Short
tt0003965	movie	Fire and Sword	Fire and Sword	0	1914	\N	\N	Adventure
tt0000351	short	Danses basques	Danses basques	0	1901	\N	\N	Short
tt0002964	short	His Father's Deputy	His Father's Deputy	0	1913	\N	10	Short,Western
tt0001270	short	An Indian Wife's Devotion	An Indian Wife's Devotion	0	1909	\N	\N	Drama,Short,Western
tt0001970	short	A Western Girl's Sacrifice	A Western Girl's Sacrifice	0	1911	\N	\N	Short,Western
tt0001283	short	The Last Deal	The Last Deal	0	1910	\N	11	Drama,Short
tt0002750	short	A Child's Influence	A Child's Influence	0	1913	\N	\N	Drama,Short
tt0004062	short	Hearts and Masks	Hearts and Masks	0	1914	\N	\N	Drama,Short
tt0001796	short	Monasterio de Ripoll	Monasterio de Ripoll	0	1911	\N	9	Documentary,Short
tt0000764	short	The Song of the Shirt	The Song of the Shirt	0	1908	\N	11	Drama,Short
tt0004280	short	Mabel's Busy Day	Mabel's Busy Day	0	1914	\N	10	Comedy,Short
tt0003693	movie	A Boy and the Law	A Boy and the Law	0	1913	\N	\N	Drama
tt0003885	short	England Expects	England Expects	0	1914	\N	\N	Drama,Short
tt0003502	movie	A Venetian Night	Eine venezianische Nacht	0	1914	\N	52	\N
tt0003627	short	Another Tale	Another Tale	0	1914	\N	3	Animation,Comedy,Short
tt0000467	short	Secours aux naufragés	Secours aux naufragés	0	1904	\N	\N	Short
tt0003400	short	The Speed Queen	The Speed Queen	0	1913	\N	\N	Comedy,Short
tt0000424	short	Les braconniers	Les braconniers	0	1905	\N	\N	Short
tt0003777	short	Classmates	Classmates	0	1914	\N	40	Drama,Short
tt0003822	movie	La danza fatal	La danza fatal	0	1915	\N	58	\N
tt0002445	movie	Quo Vadis?	Quo Vadis?	0	1913	\N	120	Drama,History
tt0003137	short	The Merry Milkmaid	The Merry Milkmaid	0	1913	\N	\N	Animation,Short
tt0002655	short	A Bad Game	A Bad Game	0	1913	\N	10	Comedy,Short
tt0004176	short	John Rance, Gentleman	John Rance, Gentleman	0	1914	\N	21	Drama,Short
tt0004419	short	Oh! You Puppy	Oh! You Puppy	0	1914	\N	\N	Comedy,Short
tt0003599	movie	The Adventures of Buffalo Bill	The Adventures of Buffalo Bill	0	1917	\N	\N	Documentary,Drama,Western
tt0001571	short	Dan the Dandy	Dan the Dandy	0	1911	\N	17	Comedy,Drama,Short
tt0000712	short	King of the Cannibal Islands	King of the Cannibal Islands	0	1908	\N	\N	Comedy,Short
tt0001810	short	A Noble Heart	A Noble Heart	0	1911	\N	19	Drama,Short
tt0002141	short	Don César de Bazan	Don Caesar de Bazan	0	1912	\N	22	Drama,Short
tt0003289	movie	The Port of Doom	The Port of Doom	0	1913	\N	\N	Drama
tt0001179	movie	Desfile histórico del centenario	Desfile histórico del centenario	0	1910	\N	\N	\N
tt0004552	short	A Rural Romance	A Rural Romance	0	1914	\N	\N	Comedy,Short
tt0002925	short	Hard Cash	Hard Cash	0	1913	\N	22	Action,Drama,Short
tt0004071	short	Her Escape	Her Escape	0	1914	\N	\N	Drama,Short,Thriller
tt0004864	short	An African Hunt	An African Hunt	0	1915	\N	\N	Animation,Comedy,Short
tt0000221	short	Aspectos da Praia de Cascais	Aspectos da Praia de Cascais	0	1899	\N	\N	Documentary,Short
tt0005042	movie	The Butterfly	The Butterfly	0	1915	\N	50	Drama
tt0002949	short	Her Secretaries	Her Secretaries	0	1913	\N	\N	Comedy,Romance,Short
tt0000274	short	Avenue de l'opéra	Avenue de l'opéra	0	1900	\N	1	Comedy,Short
tt0002763	movie	Corazón de presidiario	Corazón de presidiario	0	1913	\N	\N	\N
tt0000109	short	Rip Meeting the Dwarf	Rip Meeting the Dwarf	0	1896	\N	1	Fantasy,Short
tt0003728	short	Bunny's Scheme	Bunny's Scheme	0	1914	\N	11	Comedy,Short
tt0001101	short	Abraham Lincoln's Clemency	Abraham Lincoln's Clemency	0	1910	\N	\N	Drama,Short
tt0000869	movie	Fiestas en La Garriga	Fiestas en La Garriga	0	1909	\N	\N	\N
tt0002331	short	Mabel's Lovers	Mabel's Lovers	0	1912	\N	\N	Comedy,Short
tt0003298	movie	A Princess of Bagdad	A Princess of Bagdad	0	1913	\N	\N	Drama,Fantasy
tt0004120	short	The Horse Wrangler	The Horse Wrangler	0	1914	\N	\N	Romance,Short,Western
tt0003986	short	Forcing Dad's Consent	Forcing Dad's Consent	0	1914	\N	\N	Comedy,Short
tt0004790	short	What Pearl's Pearls Did	What Pearl's Pearls Did	0	1914	\N	\N	Comedy,Short
tt0001876	short	The Sentinel Asleep	The Sentinel Asleep	0	1911	\N	\N	Drama,Short
tt0000141	short	Ballet libella	Ballet libella	0	1897	\N	2	Documentary,Short
tt0001134	short	Briton and Boer	Briton and Boer	0	1909	\N	\N	Action,Short,War
tt0000086	short	Beach and Pier at Trouville, 1st part	Jetée et plage de Trouville (1er partie)	0	1896	\N	\N	Documentary,Short
tt0001064	short	Through the Breakers	Through the Breakers	0	1909	\N	11	Drama,Short
tt0004644	short	A Strenuous Ride	A Strenuous Ride	0	1914	\N	\N	Animation,Comedy,Short
tt0004643	short	The Strange Story of Sylvia Gray	The Strange Story of Sylvia Gray	0	1914	\N	40	Drama,Mystery,Romance
tt0002539	short	The Tribal Law	The Tribal Law	0	1912	\N	\N	Romance,Short,Western
tt0004541	short	The Romance of an Actor	The Romance of an Actor	0	1914	\N	\N	Drama,Romance,Short
tt0002077	short	Brown's Seance	Brown's Seance	0	1912	\N	\N	Comedy,Short
tt0003766	short	Chicken Chaser	Chicken Chaser	0	1914	\N	10	Comedy,Short
tt0002066	short	Blind Love	Blind Love	0	1912	\N	9	Drama,Short
tt0001055	short	A Tale of the West	A Tale of the West	0	1909	\N	\N	Drama,Short,Western
tt0003054	short	The Law and the Outlaw	The Law and the Outlaw	0	1913	\N	39	Short,Western
tt0000548	short	Fiskerliv i Norden	Fiskerliv i Norden	0	1906	\N	\N	Short
tt0002578	short	When Kings Were the Law	When Kings Were the Law	0	1912	\N	17	Drama,Short
tt0002948	short	Her Rosary	Her Rosary	0	1913	\N	\N	Drama,Short
tt0002486	short	The Sheriff's Inheritance	The Sheriff's Inheritance	0	1912	\N	\N	Short,Western
tt0000950	short	Macbeth	Macbeth	0	1909	\N	\N	Drama,Short
tt0000130	short	Une altercation au café	Une altercation au café	0	1896	\N	\N	Short
tt0003794	short	Corrida de toros en Valencia	Corrida de toros en Valencia	0	1914	\N	20	Documentary,Short
tt0004713	short	Tony and Maloney	Tony and Maloney	0	1914	\N	\N	Comedy,Romance,Short
tt0004983	movie	Blue Grass	Blue Grass	0	1915	\N	50	Drama
tt0004331	short	Mike and Jake Join the Army	Mike and Jake Join the Army	0	1914	\N	10	Comedy,Short
tt0004531	short	The Revenge of Mr. Thomas Atkins	The Revenge of Mr. Thomas Atkins	0	1914	\N	\N	Comedy,Short
tt0003462	short	The Toll Gate Raiders	The Toll Gate Raiders	0	1912	\N	\N	Short,Thriller,Western
tt0001696	short	In the Days of '49	In the Days of '49	0	1911	\N	17	Short,Western
tt0001961	short	An Unwilling Cowboy	An Unwilling Cowboy	0	1911	\N	10	Comedy,Short,Western
tt0000327	short	La paysanne	La paysanne	0	1900	\N	\N	Short
tt0004800	short	When the Cat Came Back	When the Cat Came Back	0	1914	\N	\N	Comedy,Short
tt0001877	short	She	She	0	1911	\N	24	Fantasy,Sci-Fi,Short
tt0004675	short	A Telephone Engagement	A Telephone Engagement	0	1914	\N	\N	Comedy,Romance,Short
tt0002914	short	The Greater Influence	The Greater Influence	0	1913	\N	\N	Drama,Short
tt0000374	short	Tel est pris qui croyait prendre	Tel est pris qui croyait prendre	0	1901	\N	\N	Short
tt0002781	short	Cupid Versus Women's Rights	Cupid Versus Women's Rights	0	1913	\N	10	Comedy,Drama,Short
tt0001584	short	The Diving Girl	The Diving Girl	0	1911	\N	6	Comedy,Short
tt0001328	short	Montblanc la serra	Montblanc la serra	0	1910	\N	6	Short
tt0000777	short	An Unexpected Santa Claus	An Unexpected Santa Claus	0	1908	\N	\N	Comedy,Short
tt0003838	movie	The Dishonored Medal	The Dishonored Medal	0	1914	\N	\N	Adventure
tt0002989	short	How It Happened	How It Happened	0	1913	\N	11	Drama,Short
tt0003643	movie	The Avenging Conscience: or 'Thou Shalt Not Kill'	The Avenging Conscience: or 'Thou Shalt Not Kill'	0	1914	\N	78	Crime,Drama,Horror
tt0004758	short	La valse renversante	La valse renversante	0	1912	\N	\N	Comedy,Short
tt0004604	short	The Sky Pirate	The Sky Pirate	0	1914	\N	\N	Comedy,Short
tt0002586	short	Won by a Fish	Won by a Fish	0	1912	\N	9	Comedy,Short
tt0004581	movie	Shannon of the Sixth	Shannon of the Sixth	0	1914	\N	\N	Drama,War
tt0003840	movie	Doc	Doc	0	1914	\N	\N	Drama,Western
tt0004051	short	Happy-Go-Lucky	Happy-Go-Lucky	0	1914	\N	\N	Comedy,Drama,Short
tt0002382	short	My Baby	My Baby	0	1912	\N	17	Comedy,Short
tt0003515	short	The Wall of Money	The Wall of Money	0	1913	\N	\N	Drama,Short
tt0004767	short	Virtue Is Its Own Reward	Virtue Is Its Own Reward	0	1914	\N	\N	Drama,Romance,Short
tt0004247	short	The Loan Shark King	The Loan Shark King	0	1914	\N	\N	Drama,Short
tt0003299	movie	A Prisoner in the Harem	A Prisoner in the Harem	0	1913	\N	\N	Drama
tt0004727	movie	The Trey o' Hearts	The Trey o' Hearts	0	1914	\N	310	Adventure
tt0003311	short	Raja Harishchandra	Raja Harishchandra	0	1913	\N	40	History,Short
tt0002095	short	The Chief's Blanket	The Chief's Blanket	0	1912	\N	\N	Short,Western
tt0000226	short	Boat Race	Boat Race	0	1899	\N	\N	Short
tt0001074	short	The Trick That Failed	The Trick That Failed	0	1909	\N	7	Comedy,Drama,Short
tt0002413	short	The Outlaw's Sacrifice	The Outlaw's Sacrifice	0	1912	\N	\N	Short,Western
tt0003230	movie	The Old Armchair	The Old Armchair	0	1913	\N	\N	\N
tt0002500	movie	The Black Chancellor	Den sorte kansler	0	1912	\N	48	Drama
tt0001015	short	The Restoration	The Restoration	0	1909	\N	10	Drama,Short
tt0002144	short	La dramatique passion d'Algabert et d'Élisabeth de Rodembourg	La dramatique passion d'Algabert et d'Élisabeth de Rodembourg	0	1912	\N	17	Drama,Short
tt0002981	short	An Hour Before Dawn	An Hour Before Dawn	0	1913	\N	34	Drama,Short
tt0003348	short	Sallie's Sure Shot	Sallie's Sure Shot	0	1913	\N	10	Short,Western
tt0001520	short	Brown's German Liver Cure	Brown's German Liver Cure	0	1911	\N	12	Short
tt0001091	short	What Drink Did	What Drink Did	0	1909	\N	12	Drama,Short
tt0000669	short	Cupid's Pranks	Cupid's Pranks	0	1908	\N	10	Comedy,Fantasy,Short
tt0003301	movie	The Prisoner of Zenda	The Prisoner of Zenda	0	1913	\N	55	Adventure
tt0004212	short	Leading Lizzie Astray	Leading Lizzie Astray	0	1914	\N	12	Comedy,Short
tt0000855	short	Eloping with Auntie	Eloping with Auntie	0	1909	\N	7	Short
tt0003979	short	A Fool and His Money	A Fool and His Money	0	1914	\N	11	Comedy,Short
tt0000874	short	The French Duel	The French Duel	0	1909	\N	4	Comedy,Short
tt0004336	movie	The Million Dollar Mystery	The Million Dollar Mystery	0	1914	\N	\N	Adventure,Mystery,Romance
tt0002083	short	The Fall of Troy	La caduta di Troia	0	1911	\N	28	Short,War
tt0004321	movie	Memories	Memories	0	1914	\N	\N	Drama,Romance
tt0001150	short	A Child of the Ghetto	A Child of the Ghetto	0	1910	\N	11	Drama,Short
tt0002875	short	A Foreign Spy	A Foreign Spy	0	1913	\N	11	Drama,Short
tt0000913	short	The Indian Trailer	The Indian Trailer	0	1909	\N	\N	Short,Western
tt0001773	short	Une mariée qui se fait attendre	Une mariée qui se fait attendre	0	1911	\N	10	Comedy,Short
tt0002335	movie	Magda	Magda	0	1912	\N	\N	\N
tt0002636	short	The Appeal	The Appeal	0	1913	\N	11	Drama,Short
tt0000192	short	Ella Lola, a la Trilby	Ella Lola, a la Trilby	0	1898	\N	\N	Short
tt0000443	short	Hiawatha	Hiawatha, the Messiah of the Ojibway	0	1903	\N	15	Adventure,Drama,Short
tt0002328	movie	The Lust for Gold	The Lust for Gold	0	1912	\N	\N	\N
tt0002808	short	The Doctor's Secret	The Doctor's Secret	0	1913	\N	11	Drama,Short
tt0002742	short	A Cause for Thankfulness	A Cause for Thankfulness	0	1913	\N	\N	Drama,Short
tt0002114	short	Conscience	Conscience	0	1912	\N	10	Horror,Short
tt0000650	short	The Boston Tea Party	The Boston Tea Party	0	1908	\N	\N	Drama,History,Short
tt0000209	short	Photographing a Ghost	Photographing a Ghost	0	1898	\N	\N	Fantasy,Horror,Short
tt0000335	short	Soldiers of the Cross	Soldiers of the Cross	0	1900	\N	40	Biography,Drama,Short
tt0002932	short	He Would a Hunting Go	He Would a Hunting Go	0	1913	\N	10	Comedy,Short
tt0000002	short	Le clown et ses chiens	Le clown et ses chiens	0	1892	\N	5	Animation,Short
tt0002371	short	Monte Cristo	Monte Cristo	0	1912	\N	\N	Adventure,Short
tt0002247	short	His Only Son	His Only Son	0	1912	\N	10	Short,Western
tt0001609	short	Feria de ganado en Villarrodona	Feria de ganado en Villarrodona	0	1911	\N	\N	Documentary,Short
tt0002610	short	Alkali Ike's Auto	Alkali Ike's Auto	0	1911	\N	11	Comedy,Short
tt0002453	short	The Reckoning	The Reckoning	0	1912	\N	10	Drama,Short
tt0003505	short	Via Cabaret	Via Cabaret	0	1913	\N	\N	Drama,Romance,Short
tt0000113	short	Rip's Twenty Years' Sleep	Rip's Twenty Years' Sleep	0	1896	\N	1	Drama,Short
tt0000517	short	El húsar de la guardia	El húsar de la guardia	0	1905	\N	\N	Short
tt0000727	short	Monday Morning in a Coney Island Police Court	Monday Morning in a Coney Island Police Court	0	1908	\N	7	Comedy,Short
tt0000633	short	The Anarchist's Sweetheart	The Anarchist's Sweetheart	0	1908	\N	\N	Drama,Short
tt0001234	short	Gold Is Not All	Gold Is Not All	0	1910	\N	16	Drama,Short
tt0005059	movie	The Captive	The Captive	0	1915	\N	50	Drama,Romance,War
tt0001346	short	One Night, and Then --	One Night, and Then --	0	1910	\N	11	Drama,Short
tt0001972	short	A Western Redemption	A Western Redemption	0	1911	\N	\N	Short,Western
tt0003951	movie	Fatum	Fatum	0	1915	\N	70	\N
tt0001410	short	Taming a Husband	Taming a Husband	0	1910	\N	16	Comedy,Short
tt0004804	short	While Wifey Is Away	While Wifey Is Away	0	1914	\N	\N	Comedy,Short
tt0001093	short	When Thieves Fall Out	When Thieves Fall Out	0	1909	\N	\N	Crime,Drama,Short
tt0001668	short	The Highlander	The Highlander	0	1911	\N	18	Romance,Short
tt0002843	short	Fanny's Conspiracy	Fanny's Conspiracy	0	1913	\N	11	Comedy,Short
tt0003195	short	Mutt and Jeff in Constantinople	Mutt and Jeff in Constantinople	0	1913	\N	\N	Animation,Short
tt0001528	short	Captain Barnacle's Courtship	Captain Barnacle's Courtship	0	1911	\N	\N	Comedy,Short
tt0001281	short	The Lady and the Burglar	The Lady and the Burglar	0	1910	\N	\N	Crime,Drama,Short
tt0004016	short	The Giants-White Sox Tour	The Giants-White Sox Tour	0	1914	\N	\N	Documentary,Short,Sport
tt0003610	movie	Alexia o La niña del misterio	Alexia o La niña del misterio	0	1916	\N	\N	\N
tt0002461	movie	The Life and Death of King Richard III	Richard III	0	1912	\N	55	Drama
tt0001875	short	Second Sight	Second Sight	0	1911	\N	\N	Drama,Short
tt0004618	short	The Song of the Ghetto	The Song of the Ghetto	0	1914	\N	\N	Drama,Short
tt0004421	short	The Old Cobbler	The Old Cobbler	0	1914	\N	\N	Drama,Short
tt0001941	short	Troublesome Secretaries	Troublesome Secretaries	0	1911	\N	7	Comedy,Short
tt0003793	short	The Conspirators	The Conspirators	0	1914	\N	11	Drama,Short
tt0004887	short	Ambrose's Lofty Perch	Ambrose's Lofty Perch	0	1915	\N	10	Comedy,Short
tt0002641	short	The Artist	The Artist	0	1913	\N	14	Animation,Short
tt0004950	movie	The Beachcomber	The Beachcomber	0	1915	\N	\N	Drama
tt0002569	short	The Water Nymph	The Water Nymph	0	1912	\N	8	Comedy,Short
tt0000803	short	The Child Benefactor	Barnet som Velgører	0	1909	\N	14	Drama,Short
tt0002200	short	From the Submerged	From the Submerged	0	1912	\N	11	Drama,Short
tt0000494	short	Le pompon malencontreux	Le pompon malencontreux	0	1904	\N	\N	Short
tt0001159	movie	The Connecticut Yankee	The Connecticut Yankee	0	1910	\N	\N	\N
tt0004661	movie	The Swagman's Story	The Swagman's Story	0	1914	\N	\N	\N
tt0003639	movie	At the Cross Roads	At the Cross Roads	0	1914	\N	\N	Drama
tt0000885	short	Guzmán el Bueno	Guzmán el Bueno	0	1909	\N	19	Short
tt0000890	short	The Heart of an Outlaw	The Heart of an Outlaw	0	1909	\N	\N	Short,Western
tt0000570	short	San Francisco Disaster	San Francisco Disaster	0	1906	\N	3	Documentary,Short
tt0004807	short	Who Goes There?	Who Goes There?	0	1914	\N	\N	Drama,Short
tt0002481	short	The Secret Service Man	The Secret Service Man	0	1912	\N	\N	Drama,Short
tt0004561	short	The Saving Grace	The Saving Grace	0	1914	\N	20	Comedy,Drama,Short
tt0000189	short	Dorotea	Dorotea	0	1898	\N	\N	Short
tt0004601	short	Sitting Bull: The Hostile Sioux Indian Chief	Sitting Bull: The Hostile Sioux Indian Chief	0	1914	\N	\N	Drama,Short,Western
tt0003655	movie	The Banker's Daughter	The Banker's Daughter	0	1914	\N	\N	Drama
tt0000891	short	Cycle Rider and the Witch	Heksen og cyklisten	0	1909	\N	3	Comedy,Fantasy,Short
tt0002662	short	Barnet	Barnet	0	1913	\N	31	Short
tt0001347	short	Ononko's Vow	Ononko's Vow	0	1910	\N	\N	Drama,Short
tt0000794	short	The Apache Girl's Revenge	Apachepigens hævn	0	1909	\N	\N	Drama,Short
tt0001887	short	The Skating Bug	The Skating Bug	0	1911	\N	\N	Comedy,Short
tt0004707	movie	Tillie's Punctured Romance	Tillie's Punctured Romance	0	1914	\N	82	Comedy
tt0000120	short	Rescue on the River, Pt. 1	Sauvetage en rivière, 2e	0	1896	\N	\N	Documentary,Short
tt0003589	movie	0-18 or A Message from the Sky	On His Majesty's Service	0	1914	\N	\N	Crime,Drama
tt0004029	short	Goodbye Summer	Goodbye Summer	0	1914	\N	\N	Drama,Short
tt0002237	short	Her Dressmaker's Bills	Her Dressmaker's Bills	0	1912	\N	6	Comedy,Short
tt0001154	short	Circle C Ranch's Wedding Present	Circle C Ranch's Wedding Present	0	1910	\N	\N	Short,Western
tt0000659	short	Caught by Wireless	Caught by Wireless	0	1908	\N	10	Drama,Short
tt0000693	short	Gerona monumental	Gerona monumental	0	1908	\N	\N	Documentary,Short
tt0001533	short	Carmenita the Faithful	Carmenita the Faithful	0	1911	\N	\N	Short,Western
tt0001880	short	The Sheriff's Decision	The Sheriff's Decision	0	1911	\N	\N	Short,Western
tt0002489	short	The Siege of Petersburg	The Siege of Petersburg	0	1912	\N	\N	Short,Thriller,War
tt0003341	short	Romance of Sunshine Alley	Romance of Sunshine Alley	0	1914	\N	28	Drama,Short
tt0002659	short	Bangville Police	Bangville Police	0	1913	\N	8	Comedy,Short
tt0000553	short	The Haunted Hotel	The Haunted Hotel	0	1907	\N	5	Animation,Comedy,Fantasy
tt0002998	short	The Iconoclast	The Iconoclast	0	1913	\N	29	Drama,Short,Western
tt0002764	movie	Corrida de feria de las fiestas del Pilar	Corrida de feria de las fiestas del Pilar	0	1913	\N	\N	\N
tt0004598	movie	Sins of the Parents	Sins of the Parents	0	1914	\N	\N	Drama
tt0003470	movie	A Tourada dos Casimiros	A Tourada dos Casimiros	0	1913	\N	\N	Documentary
tt0000106	short	Retour au cantonnement	Retour au cantonnement	0	1896	\N	\N	Short
tt0003809	short	The Cup Final Mystery	The Cup Final Mystery	0	1914	\N	\N	Crime,Short,Sport
tt0000617	short	The Robber's Sweetheart	Røverens brud	0	1907	\N	12	Drama,Short
tt0004592	short	Sierra Jim's Reformation	Sierra Jim's Reformation	0	1914	\N	\N	Short,Western
tt0004291	movie	The Man Who Could Not Lose	The Man Who Could Not Lose	0	1914	\N	\N	Drama
tt0003594	short	Across the Court	Across the Court	0	1914	\N	10	Comedy,Short
tt0001371	short	Ramona	Ramona	0	1910	\N	17	Drama,Romance,Short
tt0004474	short	The Plum Tree	The Plum Tree	0	1914	\N	\N	Drama,Short
tt0002775	short	The Crisis	The Crisis	0	1913	\N	33	Short
tt0005012	short	Broncho Billy Well Repaid	Broncho Billy Well Repaid	0	1915	\N	\N	Short,Western
tt0003335	movie	The Robbers	The Robbers	0	1913	\N	56	Drama
tt0002634	short	Another Man's Wife	Another Man's Wife	0	1913	\N	\N	Drama,Short
tt0004645	short	The Strike	The Strike	0	1914	\N	\N	Drama,Short
tt0000860	short	The Faded Lilies	The Faded Lilies	0	1909	\N	5	Drama,Short
tt0000233	short	Choque de dos transatlánticos	Choque de dos transatlánticos	0	1899	\N	2	Animation,Short
tt0002535	short	Tragedy of the Dress Suit	Tragedy of the Dress Suit	0	1912	\N	8	Comedy,Short
tt0000042	short	Bateau-mouche sur la Seine	Bateau-mouche sur la Seine	0	1896	\N	\N	Documentary,Short
tt0002229	short	He Must Have a Wife	He Must Have a Wife	0	1912	\N	7	Comedy,Short
tt0002046	movie	La Barrera número 13	La Barrera número 13	0	1913	\N	\N	\N
tt0003225	short	Oh! You Scotch Lassie	Oh! You Scotch Lassie	0	1913	\N	\N	Comedy,Short
tt0000197	short	La flagellation	La flagellation	0	1898	\N	1	Short
tt0004818	short	Willie's Disguise	Willie's Disguise	0	1914	\N	\N	Comedy,Short
tt0000146	short	Le cocher de fiacre endormi	Le cocher de fiacre endormi	0	1897	\N	\N	Comedy,Short
tt0004847	movie	Prisoner of the Night	Az éjszaka rabja	0	1914	\N	45	\N
tt0000599	short	Polar Bear Hunt	Isbjørnejagten	0	1907	\N	\N	Documentary,Drama,Short
tt0003167	movie	Home, Sweet Home	Home, Sweet Home	0	1914	\N	55	Drama
tt0001818	short	Out from the Shadow	Out from the Shadow	0	1911	\N	\N	Drama,Short
tt0000929	short	Klebolin klebt alles	Klebolin klebt alles	0	1990	\N	\N	Comedy,Short
tt0003456	movie	Through Fire and Air	Through Fire and Air	0	1913	\N	\N	\N
tt0000643	short	Barbara Fritchie: The Story of a Patriotic American Woman	Barbara Fritchie: The Story of a Patriotic American Woman	0	1908	\N	\N	Drama,History,Short
tt0002300	short	The Legend of Sleepy Hollow	The Legend of Sleepy Hollow	0	1912	\N	\N	Comedy,Drama,Short
tt0001451	short	A Westerner's Way	A Westerner's Way	0	1910	\N	\N	Short,Western
tt0001770	short	A Man for All That	A Man for All That	0	1911	\N	\N	Comedy,Drama,Short
tt0001642	short	Get Rich Quick	Get Rich Quick	0	1911	\N	13	Drama,Short
tt0000988	short	The Short-Sighted Governess	Den nærsynede guvernante	0	1909	\N	2	Comedy,Short
tt0001494	short	The Bad Man's First Prayer	The Bad Man's First Prayer	0	1911	\N	\N	Short,Western
tt0002821	short	The Echo of a Song	The Echo of a Song	0	1913	\N	10	Drama,Romance,Short
tt0003782	short	Colonel Heeza Liar in Mexico	Colonel Heeza Liar in Mexico	0	1914	\N	\N	Animation,Comedy,Short
tt0003957	movie	A Fight for Freedom; or, Exiled to Siberia	A Fight for Freedom; Or, Exiled to Siberia	0	1914	\N	\N	Drama
tt0003842	short	Doc Yak, the Cartoonist	Doc Yak, the Cartoonist	0	1914	\N	\N	Animation,Comedy,Short
tt0003304	short	The Prophecy	The Prophecy	0	1913	\N	\N	Drama,Short
tt0004825	movie	The Wishing Ring: An Idyll of Old England	The Wishing Ring: An Idyll of Old England	0	1914	\N	54	Comedy,Drama,Romance
tt0004354	short	The Moonstone of Fez	The Moonstone of Fez	0	1914	\N	\N	Drama,Mystery,Short
tt0001538	short	Caught with the Goods	Caught with the Goods	0	1911	\N	6	Comedy,Short
tt0002412	short	An Outcast Among Outcasts	An Outcast Among Outcasts	0	1912	\N	17	Drama,Short
tt0001697	short	In the Days of Chivalry	In the Days of Chivalry	0	1911	\N	\N	Drama,Romance,Short
tt0001305	short	La manta del caballo	La manta del caballo	0	1910	\N	\N	Short
tt0003543	short	A Whiff of Onion	A Whiff of Onion	0	1913	\N	\N	Comedy,Short
tt0001863	short	A Romany Tragedy	A Romany Tragedy	0	1911	\N	17	Drama,Short
tt0002215	short	The Godmother	The Godmother	0	1912	\N	\N	Comedy,Short
tt0003069	short	Lille Klaus og store Klaus	Lille Klaus og store Klaus	0	1913	\N	42	Comedy,Short
tt0004536	short	The Ring	The Ring	0	1914	\N	\N	Drama,Short
tt0004177	movie	Joliet Prison, Joliet, Ill.	Joliet Prison, Joliet, Ill.	0	1914	\N	\N	Documentary
tt0003019	short	The Inventor's Sketch	The Inventor's Sketch	0	1913	\N	\N	Drama,Short
tt0001341	movie	Jarní sen starého mládence	Jarní sen starého mládence	0	1913	\N	\N	Comedy
tt0003859	movie	Dope	Dope	0	1914	\N	\N	Drama
tt0003509	short	A Virginia Feud	A Virginia Feud	0	1913	\N	\N	Drama,Short
tt0000868	movie	Fiestas de Santa Lucía - Belenes	Fiestas de Santa Lucía - Belenes	0	1909	\N	\N	\N
tt0001449	short	A Western Maid	A Western Maid	0	1910	\N	\N	Short,Western
tt0003933	short	A Fatal Flirtation	A Fatal Flirtation	0	1914	\N	\N	Comedy,Short
tt0002047	movie	A Batalha	A Batalha	0	1912	\N	\N	Documentary
tt0003350	short	For the Love of a Toreador	Sangue gitano	0	1913	\N	\N	Drama,Short
tt0002267	short	In the Elemental World	In the Elemental World	0	1913	\N	\N	Drama,Short
tt0003285	short	The Police Women	The Police Women	0	1913	\N	\N	Animation,Short
tt0004268	short	Lover's Luck	Lover's Luck	0	1914	\N	\N	Comedy,Short
tt0002378	short	Mr. Grouch at the Seashore	Mr. Grouch at the Seashore	0	1912	\N	\N	Comedy,Short
tt0004885	movie	Always in the Way	Always in the Way	0	1915	\N	50	Drama
tt0003076	movie	Livets konflikter	Livets konflikter	0	1913	\N	64	Drama
tt0004262	short	Love, Luck and Gasoline	Love, Luck and Gasoline	0	1914	\N	\N	Comedy,Short
tt0002709	short	Broncho Billy's Gratefulness	Broncho Billy's Gratefulness	0	1913	\N	11	Short,Western
tt0003988	movie	The Fortune Hunter	The Fortune Hunter	0	1914	\N	\N	Comedy
tt0001716	movie	Julius Caesar's Sandals	Julius Caesar's Sandals	0	1911	\N	\N	\N
tt0001590	short	Dæmonen	Dæmonen	0	1911	\N	5	Drama,Short
tt0003413	short	The Stolen Treaty	The Stolen Treaty	0	1913	\N	\N	Drama,Short
tt0004673	short	The Tavern of Tragedy	The Tavern of Tragedy	0	1914	\N	20	Drama,Short,War
tt0000278	short	Buffalo Bill's Show Parade	Buffalo Bill's Show Parade	0	1900	\N	\N	Short
tt0002958	movie	El hijo del mar	El hijo del mar	0	1913	\N	\N	\N
tt0001928	short	Through Darkened Vales	Through Darkened Vales	0	1911	\N	17	Drama,Short
tt0002131	movie	A Dança dos Apaches	A Dança dos Apaches	0	1912	\N	\N	\N
tt0003996	short	Miss Soapsuds	Fräulein Seifenschaum	0	1914	\N	10	Short
tt0003900	short	The Fable of Aggie and the Aggravated Attacks	The Fable of Aggie and the Aggravated Attacks	0	1914	\N	\N	Comedy,Short
tt0002120	short	The Crisis	The Crisis	0	1912	\N	20	Short,Western
tt0004821	short	Winky and the Gorgonzola Cheese	Winky and the Gorgonzola Cheese	0	1914	\N	7	Comedy,Short
tt0000038	short	The Ball Game	The Ball Game	0	1898	\N	1	Documentary,Short,Sport
tt0001554	short	The Corporation and the Ranch Girl	The Corporation and the Ranch Girl	0	1911	\N	\N	Short,Western
tt0000698	short	The Heart of O Yama	The Heart of O Yama	0	1908	\N	15	Drama,Romance,Short
tt0004073	short	Her First Lesson	Her First Lesson	0	1914	\N	\N	Comedy,Short
tt0001382	movie	Revolução de 5 de Outubro	Revolução de 5 de Outubro	0	1910	\N	\N	Documentary
tt0005053	short	The Cannon Ball	The Cannon Ball	0	1915	\N	20	Comedy,Short
tt0003110	short	Mademoiselle 100 millions	Mademoiselle 100 millions	0	1913	\N	\N	Crime,Drama,Short
tt0003050	short	A Landlord's Troubles	A Landlord's Troubles	0	1913	\N	\N	Comedy,Short
tt0002045	short	The Ball Player and the Bandit	The Ball Player and the Bandit	0	1912	\N	12	Drama,Romance,Short
tt0002314	short	The Loan Shark	The Loan Shark	0	1912	\N	\N	Drama,Short
tt0001161	short	The Converts	The Converts	0	1910	\N	16	Drama,Short
tt0002690	short	The Boatswain's Daughter	The Boatswain's Daughter	0	1913	\N	8	Drama,Romance,Short
tt0000964	short	A Midnight Adventure	A Midnight Adventure	0	1909	\N	6	Comedy,Crime,Short
tt0000303	short	Gavotte directoire	Gavotte directoire	0	1900	\N	\N	Short
tt0002109	movie	The Colonel's Son	The Colonel's Son	0	1912	\N	\N	\N
tt0002510	short	A String of Pearls	A String of Pearls	0	1912	\N	17	Drama,Short
tt0002533	short	The Tourists	The Tourists	0	1912	\N	6	Comedy,Short,Western
tt0004400	short	The Night Hawks	The Night Hawks	0	1914	\N	\N	Crime,Drama,Romance
tt0001729	short	The Law of the Range	The Law of the Range	0	1911	\N	\N	Drama,Short,Western
tt0004539	short	The Rival Stage Lines	The Rival Stage Lines	0	1914	\N	\N	Comedy,Short,Western
tt0001778	movie	Menneskedyret	Menneskedyret	0	1911	\N	\N	\N
tt0001252	short	His Only Daughter	His Only Daughter	0	1910	\N	\N	Drama,Short
tt0003207	short	Near to Earth	Near to Earth	0	1913	\N	17	Drama,Short
tt0003892	short	Etienne of the Glad Heart	Etienne of the Glad Heart	0	1914	\N	\N	Drama,Short
tt0000543	short	Kong Christian d. IXs Bisættelse	Kong Christian d. IXs Bisættelse	0	1906	\N	15	Documentary,Short
tt0001684	short	The Honeymooners	The Honeymooners	0	1911	\N	\N	Romance,Short
tt0002113	short	The Conquest of the Pole	À la conquête du pôle	0	1912	\N	33	Adventure,Horror,Sci-Fi
tt0000673	short	La Dolores	La Dolores	0	1908	\N	15	Short
tt0002036	short	At It Again	At It Again	0	1912	\N	6	Comedy,Short
tt0000379	short	Visita de la escuadra inglesa a Barcelona	Visita de la escuadra inglesa a Barcelona	0	1901	\N	6	Documentary,Short
tt0003322	short	The Redemption	The Redemption	0	1913	\N	\N	Drama,Short
tt0003243	movie	The Orphan	The Orphan	0	1913	\N	\N	\N
tt0002990	short	How Men Propose	How Men Propose	0	1913	\N	6	Comedy,Short
tt0003381	short	A Small Time Act	A Small Time Act	0	1913	\N	\N	Comedy,Short
tt0001060	short	The Test	The Test	0	1909	\N	6	Drama,Short
tt0000623	short	The Magic Bag	Tryllesækken	0	1907	\N	4	Comedy,Short
tt0000637	short	The Assassination of the Duke de Guise	L'assassinat du duc de Guise	0	1908	\N	15	Drama,History,Short
tt0001890	short	The Smile of a Child	The Smile of a Child	0	1911	\N	\N	Drama,Romance,Short
tt0004981	movie	The Blindness of Virtue	The Blindness of Virtue	0	1915	\N	\N	Drama
tt0003552	short	Will Power	Will Power	0	1913	\N	\N	Comedy,Short
tt0003362	movie	The Sea Wolf	The Sea Wolf	0	1913	\N	70	Drama
tt0004413	short	The Ocean Waif	The Ocean Waif	0	1916	\N	40	Comedy,Drama,Romance
tt0004526	short	The Rejuvenation of Aunt Mary	The Rejuvenation of Aunt Mary	0	1916	\N	30	Comedy,Short
tt0003918	short	The Fable of the Long Range Lover and the Lallypalooze	The Fable of the Long Range Lover and the Lallypalooze	0	1914	\N	\N	Comedy,Short
tt0002698	short	Bridegrooms Beware	Bridegrooms Beware	0	1913	\N	7	Comedy,Short
tt0003526	short	The Werewolf	The Werewolf	0	1913	\N	18	Adventure,Drama,Fantasy
tt0005051	short	Can You Beat It?	Can You Beat It?	0	1915	\N	\N	Comedy,Short
tt0004141	movie	Im Schützengraben	Im Schützengraben	0	1914	\N	\N	\N
tt0004554	short	The Sacrifice of Kathleen	The Sacrifice of Kathleen	0	1914	\N	\N	Drama,Short
tt0002293	short	Kings of the Forest	Kings of the Forest	0	1912	\N	21	Drama,Short
tt0000277	short	Bataille de boules de neige	Bataille de boules de neige	0	1900	\N	\N	Short
tt0004570	movie	The Secret of the Mountain	The Secret of the Mountain	0	1915	\N	\N	Drama
tt0001988	short	The Woodcutter's Romance	The Woodcutter's Romance	0	1911	\N	\N	Drama,Short
tt0001452	short	What the Daisy Said	What the Daisy Said	0	1910	\N	16	Romance,Short
tt0001446	short	The Way of the World	The Way of the World	0	1910	\N	16	Drama,Short
tt0001387	short	A Romance of the Western Hills	A Romance of the Western Hills	0	1910	\N	16	Romance,Short,Western
tt0001177	short	Davy Crockett	Davy Crockett	0	1910	\N	\N	Adventure,Biography,Short
tt0001280	short	Copenhagen by Night	København ved Nat	0	1910	\N	25	Short
tt0001171	short	The Cowpuncher's Ward	The Cowpuncher's Ward	0	1910	\N	\N	Short,Western
tt0000773	short	Thompson's Night Out	Thompson's Night Out	0	1908	\N	\N	Short
tt0003275	short	Pickaninni's G-string	Pickaninni's G-string	0	1913	\N	\N	Animation,Short
tt0001873	short	The Schoolmaster of Mariposa	The Schoolmaster of Mariposa	0	1910	\N	\N	Short,Western
tt0004611	short	The Social Ghost	The Social Ghost	0	1914	\N	\N	Drama,Short
tt0004271	movie	Luchtkastelen	Luchtkastelen	0	1914	\N	60	Drama
tt0003741	short	Cactus Jake, Heart-Breaker	Cactus Jake, Heart-Breaker	0	1914	\N	\N	Short,Western
tt0004740	movie	The Typhoon	The Typhoon	0	1914	\N	\N	Drama
tt0003172	short	The Moulding	The Moulding	0	1913	\N	\N	Drama,Romance,Short
tt0001115	movie	Ansigttyven I	Ansigttyven I	0	1910	\N	\N	Crime
tt0001065	short	Tis an Ill Wind That Blows No Good	Tis an Ill Wind That Blows No Good	0	1909	\N	10	Drama,Short
tt0001296	short	La lucha por la divisa	La lucha por la divisa	0	1910	\N	34	Short
tt0001499	short	The Battle	The Battle	0	1911	\N	17	Action,Drama,Short
tt0001740	short	The Lonedale Operator	The Lonedale Operator	0	1911	\N	17	Drama,Romance,Short
tt0002290	short	Katchem Kate	Katchem Kate	0	1912	\N	11	Comedy,Short
tt0002719	short	The Primitive Man	Brute Force	0	1914	\N	32	Adventure,Drama,Sci-Fi
tt0003003	short	In Convict Garb	In Convict Garb	0	1913	\N	\N	Drama,Short
tt0003923	short	The Face on the Barroom Floor	The Face on the Barroom Floor	0	1914	\N	14	Comedy,Short
tt0003731	movie	Burning Daylight: The Adventures of 'Burning Daylight' in Alaska	Burning Daylight: The Adventures of 'Burning Daylight' in Alaska	0	1914	\N	50	Adventure,Drama
tt0002745	short	A Chance Deception	A Chance Deception	0	1913	\N	11	Drama,Short
tt0003797	short	The Countess	The Countess	0	1914	\N	\N	Romance,Short
tt0004744	short	Und das Licht erlosch	Und das Licht erlosch	0	1914	\N	42	Short
tt0000783	short	When Knighthood Was in Flower	When Knighthood Was in Flower	0	1908	\N	10	Short
tt0004482	short	Por el hilo se saca el ovillo	Por el hilo se saca el ovillo	0	1914	\N	15	Short
tt0003079	short	The Long and Short of It	The Long and Short of It	0	1913	\N	\N	Comedy,Short
tt0002711	short	Broncho Billy's Last Deed	Broncho Billy's Last Deed	0	1913	\N	\N	Short,Western
tt0003008	movie	In the Stretch	In the Stretch	0	1913	\N	\N	Drama
tt0001425	short	True to His Duty	True to His Duty	0	1910	\N	\N	Drama,Short
tt0004868	movie	Ágyú és harang	Ágyú és harang	0	1915	\N	\N	\N
tt0001260	short	The Impalement	The Impalement	0	1910	\N	16	Drama,Short
tt0004114	movie	Homenaje a Lanuza	Homenaje a Lanuza	0	1914	\N	\N	Documentary
tt0004468	short	The Phantom Violin	The Phantom Violin	0	1914	\N	40	Drama,Short
tt0002467	movie	Romani, the Brigand	Romani, the Brigand	0	1912	\N	\N	\N
tt0004472	short	The Pipes o' Pan	The Pipes o' Pan	0	1914	\N	\N	Drama,Short
tt0001130	short	The Bearded Bandit	The Bearded Bandit	0	1910	\N	\N	Short,Western
tt0004225	movie	The Light Unseen	The Light Unseen	0	1914	\N	\N	Drama
tt0003257	short	Pearl as a Clairvoyant	Pearl as a Clairvoyant	0	1913	\N	\N	Comedy,Short
tt0003112	short	The Making of Broncho Billy	The Making of Broncho Billy	0	1913	\N	9	Short,Western
tt0001654	short	Heart Beats of Long Ago	Heart Beats of Long Ago	0	1911	\N	17	Drama,Romance,Short
tt0004759	short	The Vampire's Trail	The Vampire's Trail	0	1914	\N	26	Drama,Short
tt0000998	short	Othello	Otello	0	1909	\N	12	Drama,Romance,Short
tt0003575	short	The Worker	The Worker	0	1913	\N	\N	Drama,Short
tt0000167	short	Salida de misa de doce del Pilar de Zaragoza	Salida de misa de doce del Pilar de Zaragoza	0	1899	\N	\N	Documentary,Short
tt0001374	short	The Ranchman's Feud	The Ranchman's Feud	0	1910	\N	\N	Short,Western
tt0002364	short	The Millionaire Vagabonds	The Millionaire Vagabonds	0	1912	\N	\N	Comedy,Short
tt0003968	short	A Flash in the Dark	A Flash in the Dark	0	1914	\N	10	Drama,Romance,Short
tt0004111	short	The Hold-Up	The Hold-Up	0	1914	\N	11	Drama,Romance,Short
tt0002959	short	The Hindoo Charm	The Hindoo Charm	0	1913	\N	11	Drama,Short
tt0003494	short	Universal Trade Marks	Universal Trade Marks	0	1913	\N	\N	Animation,Short
tt0003909	short	The Fable of the Brash Drummer and the Nectarine	The Fable of the Brash Drummer and the Nectarine	0	1914	\N	11	Comedy,Short
tt0000997	short	The Open Gate	The Open Gate	0	1909	\N	11	Drama,Short
tt0000030	short	Rough Sea at Dover	Rough Sea at Dover	0	1895	\N	1	Documentary,Short
tt0003653	short	The Baggage Smasher	The Baggage Smasher	0	1914	\N	\N	Comedy,Short
tt0002563	short	The Violin of M'sieur	The Violin of M'sieur	0	1914	\N	20	Drama,Short
tt0002004	short	Alkali Ike Bests Broncho Billy	Alkali Ike Bests Broncho Billy	0	1912	\N	\N	Comedy,Short
tt0001062	short	Those Awful Hats	Those Awful Hats	0	1909	\N	5	Comedy,Short
tt0003562	short	With Her Rival's Help	With Her Rival's Help	0	1913	\N	\N	Comedy,Short
tt0000245	short	The Haunted House	The Haunted House	0	1899	\N	\N	Comedy,Fantasy,Horror
tt0004187	short	Keeping a Husband	Keeping a Husband	0	1914	\N	\N	Comedy,Drama,Short
tt0000160	short	The Last Days of Pompeii	The Last Days of Pompeii	0	1900	\N	\N	Drama,Short
tt0003534	short	When Love Is Young	When Love Is Young	0	1913	\N	\N	Comedy,Short
tt0004671	short	The Tango in Tuckerville	The Tango in Tuckerville	0	1914	\N	\N	Comedy,Short
tt0003588	short	'Twas the Night Before Christmas	'Twas the Night Before Christmas	0	1914	\N	\N	Fantasy,Short
tt0000273	short	Attack on a China Mission	Attack on a China Mission	0	1900	\N	4	Action,Crime,Drama
tt0001530	movie	The Bushranger's Bride	Captain Midnight, the Bush King	0	1911	\N	\N	Drama
tt0001539	short	Cain and Abel	Caïn et Abel	0	1911	\N	\N	Drama,Short
tt0004066	movie	Sealed Orders	Det hemmelighedsfulde X	0	1914	\N	84	Drama,Mystery
tt0000524	short	New York Subway	New York Subway	0	1905	\N	6	Documentary,Short
tt0001434	short	Under Western Skies	Under Western Skies	0	1910	\N	\N	Short,Western
tt0000294	short	La danse du ventre	La danse du ventre	0	1900	\N	\N	Short
tt0004283	short	Mabel's New Job	Mabel's New Job	0	1914	\N	\N	Comedy,Short
tt0001187	short	The Duke's Plan	The Duke's Plan	0	1910	\N	11	Drama,Short
tt0004093	short	His Grandchild	His Grandchild	0	1914	\N	12	Drama,Short
tt0001999	short	Agaton och Fina	Agaton och Fina	0	1912	\N	\N	Comedy,Short
tt0002654	short	Back to Life	Back to Life	0	1913	\N	20	Drama,Short
tt0000260	short	Transformations	Transformations	0	1899	\N	\N	Comedy,Short
tt0003165	movie	Fantômas: The Dead Man Who Killed	Fantômas III: Le mort qui tue	0	1913	\N	90	Crime,Drama,Mystery
tt0000085	short	Gardener Burning Weeds	Jardinier brûlant des herbes	0	1896	\N	\N	Short
tt0000001	short	Carmencita	Carmencita	0	1894	\N	1	Documentary,Short
tt0001724	short	The Last Drop of Water	The Last Drop of Water	0	1911	\N	18	Short,Western
tt0001218	short	A Fallen Spirit	L'épée du spirite	0	1910	\N	6	Animation,Fantasy,Horror
tt0003053	movie	Laura y sus pretendientes	Laura y sus pretendientes	0	1913	\N	\N	\N
tt0000518	short	Juanito el forzudo	Juanito el forzudo	0	1905	\N	\N	Short
tt0000380	short	Sleeping Beauty	La belle au bois dormant	0	1903	\N	\N	Drama,Fantasy,Short
tt0000884	short	The Red Domino	Grevinde X	0	1909	\N	\N	Drama,Short
tt0000081	short	Towing a Boat on the River	Les haleurs de bateaux	0	1896	\N	\N	Documentary,Short
tt0002153	movie	The Great Circus Catastrophe	Dødsspring til hest fra cirkuskuplen	0	1912	\N	45	Drama
tt0004667	movie	Taking His Chance	Taking His Chance	0	1914	\N	\N	\N
tt0000947	movie	Lægens offer	Lægens offer	0	1909	\N	\N	\N
tt0003447	short	Their Husbands	Their Husbands	0	1913	\N	\N	Comedy,Short
tt0000500	short	The Abductors	The Abductors	0	1905	\N	\N	Drama,Short
tt0003752	movie	Captain Swift	Captain Swift	0	1914	\N	\N	Drama
tt0004105	short	His Sob Story	His Sob Story	0	1914	\N	23	Drama,Short
tt0004890	movie	American Game Trails	American Game Trails	0	1915	\N	\N	Documentary
tt0001983	short	The White Rose of the Wilds	The White Rose of the Wilds	0	1911	\N	17	Drama,Short
tt0001325	short	The Mistaken Bandit	The Mistaken Bandit	0	1910	\N	\N	Short,Western
tt0001175	movie	Camille	La dame aux camélias	0	1912	\N	\N	Drama,Romance
tt0000290	short	Dance de l'ivresse	Dance de l'ivresse	0	1900	\N	\N	Short
tt0003028	short	The Jew's Christmas	The Jew's Christmas	0	1913	\N	\N	Drama,Short
tt0004224	movie	Life's Shop Window	Life's Shop Window	0	1914	\N	50	Drama
tt0004264	short	The Love of Tokiwa	The Love of Tokiwa	0	1914	\N	\N	Drama,Short
tt0003106	short	Mabel's New Hero	Mabel's New Hero	0	1913	\N	10	Comedy,Short
tt0004166	short	It's a Long Long Way to Tipperary	It's a Long Long Way to Tipperary	0	1914	\N	\N	Drama,Short,War
tt0000044	short	Le bivouac	Le bivouac	0	1896	\N	1	Short
tt0003380	short	The Sleuths at the Floral Parade	The Sleuths at the Floral Parade	0	1913	\N	\N	Comedy,Short
tt0001147	movie	O Centenário da Guerra Peninsular	O Centenário da Guerra Peninsular	0	1910	\N	\N	Documentary
tt0002854	short	Fatty's Flirtation	Fatty's Flirtation	0	1913	\N	6	Comedy,Short
tt0000532	short	Torrero y la ribera (Calles y plazas de Zaragoza)	Torrero y la ribera (Calles y plazas de Zaragoza)	0	1905	\N	\N	Documentary,Short
tt0001704	short	Indiscretions of Betty	Indiscretions of Betty	0	1910	\N	\N	Comedy,Short
tt0001156	short	The Cloister's Touch	The Cloister's Touch	0	1910	\N	\N	Drama,Short
tt0000697	short	The Guerrilla	The Guerrilla	0	1908	\N	15	Action,Short,War
tt0004327	short	The Mexican	The Mexican	0	1914	\N	\N	Short,Western
tt0001602	movie	El fantasma del castillo	El fantasma del castillo	0	1911	\N	\N	\N
tt0001229	short	Et gensyn	Et gensyn	0	1910	\N	\N	Short
tt0001521	short	En bryllupsaften	En bryllupsaften	0	1911	\N	12	Comedy,Short
tt0001316	short	Messaline	Messaline	0	1910	\N	\N	Short
tt0004934	short	Back to the Primitive	Back to the Primitive	0	1915	\N	\N	Comedy,Short
tt0000043	short	Batteuse à vapeur	Batteuse à vapeur	0	1896	\N	\N	Documentary,Short
tt0003089	short	Love and Courage	Love and Courage	0	1913	\N	\N	Comedy,Short
tt0001203	movie	Excursión al Gombreny	Excursión al Gombreny	0	1910	\N	\N	\N
tt0000041	short	Bataille de neige	Bataille de neige	0	1897	\N	1	Comedy,Documentary,Short
tt0002232	short	Helen's Marriage	Helen's Marriage	0	1912	\N	7	Comedy,Short
tt0004369	movie	My Official Wife	My Official Wife	0	1914	\N	50	Drama
tt0004404	movie	Nightmare	Nightmare	0	1914	\N	\N	\N
tt0004899	short	Anselo Lee	Anselo Lee	0	1915	\N	30	Drama,Short
tt0003030	short	John Tobin's Sweetheart	John Tobin's Sweetheart	0	1913	\N	\N	Comedy,Short
tt0004641	short	Stout Hearts But Weak Knees	Stout Hearts But Weak Knees	0	1914	\N	\N	Comedy,Short
tt0003771	movie	The Christian	The Christian	0	1914	\N	80	Drama
tt0000031	short	Jumping the Blanket	Le saut à la couverture	0	1895	\N	1	Documentary,Short
tt0002447	short	A Race with Time	A Race with Time	0	1912	\N	\N	Romance,Short
tt0002318	short	A Lodging for the Night	A Lodging for the Night	0	1912	\N	17	Romance,Short
tt0004626	movie	The Spirit of the Conqueror	The Spirit of the Conqueror	0	1914	\N	\N	Drama
tt0002056	short	Prekrasnaya Lyukanida	Prekrasnaya Lyukanida	0	1912	\N	10	Animation,Short
tt0001314	short	Il mercante di Venezia	Il mercante di Venezia	0	1911	\N	19	Drama,Short
tt0004755	movie	Uriel Acosta	Uriel Acosta	0	1914	\N	50	Biography,Drama,History
tt0003081	short	Looking for Trouble	Looking for Trouble	0	1913	\N	\N	Comedy,Drama,Short
tt0000392	short	The Enchanted Cup	The Enchanted Cup	0	1903	\N	\N	Fantasy,Short
tt0001199	short	The Engineer's Daughter	The Engineer's Daughter	0	1911	\N	\N	Drama,Short
tt0001459	short	Winning Back His Love	Winning Back His Love	0	1910	\N	17	Drama,Romance,Short
tt0001144	short	The Call	The Call	0	1910	\N	11	Drama,Short
tt0003713	short	Broncho Billy's Cunning	Broncho Billy's Cunning	0	1914	\N	11	Short,Western
tt0002943	short	Her Lady Friend	Her Lady Friend	0	1913	\N	5	Comedy,Short
tt0002074	short	Broncho Billy Outwitted	Broncho Billy Outwitted	0	1912	\N	\N	Short,Western
tt0004848	movie	La última danza	La última danza	0	1915	\N	\N	\N
tt0001427	short	The Twisted Trail	The Twisted Trail	0	1910	\N	16	Drama,Short
tt0000621	short	That Fatal Sneeze	That Fatal Sneeze	0	1907	\N	6	Comedy,Fantasy,Short
tt0003046	short	The Lady and the Mouse	The Lady and the Mouse	0	1913	\N	17	Drama,Short
tt0001727	short	Lost Years	Lost Years	0	1911	\N	\N	Drama,Short
tt0001163	movie	Corrida da Rampa	Corrida da Rampa	0	1910	\N	\N	Documentary
tt0004976	movie	The Black Heart	The Black Heart	0	1915	\N	\N	Drama
tt0002127	short	Cutting California Redwoods	Cutting California Redwoods	0	1912	\N	\N	Documentary,Short
tt0002575	short	What Katie Did	What Katie Did	0	1912	\N	\N	Drama,Short
tt0003441	movie	The Terrible Vengeance	Strashnaya mest	0	1913	\N	\N	\N
tt0001808	short	The New Dress	The New Dress	0	1911	\N	17	Romance,Short
tt0004231	movie	Linito quiere ser torero	Linito quiere ser torero	0	1914	\N	\N	Comedy
tt0003061	short	Let No Man Put Asunder	Let No Man Put Asunder	0	1913	\N	\N	Drama,Romance,Short
tt0003124	movie	Los marinos de papel	Los marinos de papel	0	1913	\N	\N	\N
tt0001800	short	Music Hath Charms	Music Hath Charms	0	1911	\N	14	Comedy,Short
tt0003009	short	Inauguración del autodromo de Sitges, y carreras	Inauguración del autodromo de Sitges, y carreras	0	1913	\N	15	Short
tt0002883	movie	Les frères ennemis	Les frères ennemis	0	1913	\N	\N	\N
tt0000812	short	El blocao Velarde	El blocao Velarde	0	1909	\N	\N	Documentary,Short,War
tt0004272	movie	Lucille Love: The Girl of Mystery	Lucille Love: The Girl of Mystery	0	1914	\N	300	Action
tt0003758	short	Caught in a Cabaret	Caught in a Cabaret	0	1914	\N	22	Comedy,Short
tt0004798	movie	When Rome Ruled	When Rome Ruled	0	1914	\N	50	Drama
tt0001517	short	The Broken Cross	The Broken Cross	0	1911	\N	17	Romance,Short
tt0001056	short	Teaching a Husband a Lesson	Teaching a Husband a Lesson	0	1909	\N	\N	Comedy,Short
tt0003647	short	Mack at It Again	Mack at It Again	0	1914	\N	\N	Comedy,Short
tt0002630	short	Angel of the Canyons	Angel of the Canyons	0	1913	\N	10	Short,Western
tt0001544	short	A Christmas Carol	A Christmas Carol	0	1910	\N	11	Drama,Fantasy,Short
tt0002234	short	A Ruined Life	Ett hemligt giftermål	0	1912	\N	35	Short
tt0001023	short	The Roue's Heart	The Roue's Heart	0	1909	\N	8	Drama,Short
tt0003404	short	The Star of India	The Star of India	0	1913	\N	40	Drama,Short
tt0003583	short	Äktenskapsbyrån	Äktenskapsbyrån	0	1913	\N	20	Drama,Short
tt0001565	short	The Crusader	The Crusader	0	1911	\N	19	Short
tt0000098	short	Place de l'Opéra, Second View	Place de l'Opéra, 2e aspect	0	1896	\N	\N	Documentary,Short
tt0002526	short	The Tide of Fortune	The Tide of Fortune	0	1912	\N	20	Family,Short
tt0003632	movie	Arme Eva	Arme Eva	0	1916	\N	63	Drama
tt0000987	short	How Brother Cook was Taught a Lesson	Naar Djævle er paa Spil	0	1910	\N	15	Comedy,Short
tt0001506	short	The Black Arrow	The Black Arrow	0	1911	\N	\N	Drama,Short
tt0001435	short	Unexpected Help	Unexpected Help	0	1910	\N	16	Drama,Short
tt0000972	short	The Mountaineer's Honor	The Mountaineer's Honor	0	1909	\N	15	Drama,Short
tt0001232	short	The Girl from Arizona	The Girl from Arizona	0	1910	\N	\N	Short,Western
tt0000830	short	Corazón de madre	Corazón de madre	0	1909	\N	12	Drama,Short
tt0004533	short	The Right and the Wrong of It	The Right and the Wrong of It	0	1914	\N	28	Drama,Short
tt0000413	short	The Devil's Money Bags	Les trésors de satan	0	1902	\N	3	Comedy,Fantasy,Horror
tt0000502	movie	Bohemios	Bohemios	0	1905	\N	100	\N
tt0002820	movie	East Lynne	East Lynne	0	1913	\N	69	Drama
tt0004577	short	The Shadow of a Crime	The Shadow of a Crime	0	1914	\N	\N	Crime,Drama,Short
tt0004044	movie	Guardian of Virtue	Blyustitel nravstvennosti	0	1914	\N	\N	\N
tt0004068	short	Her Awakening	Her Awakening	0	1914	\N	\N	Drama,Short
tt0004293	short	The Man Within	The Man Within	0	1914	\N	\N	Drama,Short,Western
tt0004910	short	An Arrangement with Fate	An Arrangement with Fate	0	1915	\N	10	Drama,Short
tt0002938	short	Heinze's Resurrection	Heinze's Resurrection	0	1913	\N	11	Comedy,Short
tt0003155	short	The Missing Bonds	The Missing Bonds	0	1913	\N	\N	Crime,Drama,Short
tt0004149	short	In the Glare of the Lights	In the Glare of the Lights	0	1914	\N	\N	Drama,Short
tt0001477	short	The Amorous Doctor	The Amorous Doctor	0	1911	\N	2	Comedy,Short
tt0001081	movie	La vida en el campamento	La vida en el campamento	0	1909	\N	\N	\N
tt0000337	short	Spanish Bullfight	Spanish Bullfight	0	1900	\N	1	Short,Sport
tt0001821	short	The Outlaw and the Child	The Outlaw and the Child	0	1911	\N	\N	Short,Western
tt0000307	short	Happy Hooligan	Happy Hooligan	0	1900	\N	\N	Comedy,Short
tt0001933	short	La Tosca	La Tosca	0	1911	\N	30	Short
tt0004820	short	Winky Learns a Lesson in Honesty	Winky Learns a Lesson in Honesty	0	1914	\N	\N	Comedy,Short
tt0004409	movie	Northern Lights	Northern Lights	0	1914	\N	\N	Drama
tt0002184	short	The Flirting Husband	The Flirting Husband	0	1912	\N	4	Comedy,Short
tt0001458	short	Wilful Peggy	Wilful Peggy	0	1910	\N	17	Comedy,Romance,Short
tt0000328	short	La petite magicienne	La petite magicienne	0	1900	\N	1	Short
tt0004704	movie	La tierra de los naranjos	La tierra de los naranjos	0	1914	\N	\N	\N
tt0001747	short	Lost in the Jungle	Lost in the Jungle	0	1911	\N	16	Action,Adventure,Drama
tt0001837	short	The Power of Love	The Power of Love	0	1911	\N	\N	Drama,Romance,Short
tt0000457	short	Ne bougeons plus	Ne bougeons plus	0	1903	\N	\N	Short
tt0002448	short	A Railroad Lochinvar	A Railroad Lochinvar	0	1912	\N	\N	Comedy,Drama,Romance
tt0001797	short	Money to Burn	Money to Burn	0	1911	\N	\N	Comedy,Short
tt0001364	movie	El pobre Valbuena	El pobre Valbuena	0	1910	\N	\N	\N
tt0003812	short	Cursed by His Beauty	Cursed by His Beauty	0	1914	\N	13	Comedy,Short
tt0005029	short	Broncho Billy's Vengeance	Broncho Billy's Vengeance	0	1915	\N	\N	Short,Western
tt0001094	short	The Winning Coat	The Winning Coat	0	1909	\N	8	Drama,Short
tt0000464	short	Rip Van Winkle	Rip Van Winkle	0	1896	\N	4	Comedy,Short
tt0003723	short	Buddy's First Call	Buddy's First Call	0	1914	\N	\N	Comedy,Short
tt0004173	short	Jimmy	Jimmy	0	1914	\N	\N	Comedy,Short
tt0003399	short	The Speed Kings	The Speed Kings	0	1913	\N	8	Comedy,Short,Sport
tt0001588	short	The Dream	The Dream	0	1911	\N	11	Drama,Short
tt0004994	short	Bound on the Wheel	Bound on the Wheel	0	1915	\N	\N	Drama,Short
tt0001725	short	The Last Farewell	The Last Farewell	0	1911	\N	12	Drama,Short
tt0001998	movie	The Adventures of Lieutenant Petrosino	The Adventures of Lieutenant Petrosino	0	1912	\N	47	Drama
tt0003974	movie	Florida Historic Scenes and Florida in Mid-Winter	Florida Historic Scenes and Florida in Mid-Winter	0	1914	\N	\N	Documentary
tt0004963	movie	Beulah	Beulah	0	1915	\N	\N	Drama
tt0000092	short	Marée montante sur Brise-Larmes	Marée montante sur Brise-Larmes	0	1896	\N	\N	Documentary,Short
tt0001853	short	The Reform Candidate	The Reform Candidate	0	1911	\N	\N	Drama,Short
tt0002322	short	The Love Test	The Love Test	0	1912	\N	\N	Drama,Romance,Short
tt0003283	short	The Poet and the Soldier	The Poet and the Soldier	0	1913	\N	\N	Drama,Short
tt0002508	short	The Stranger at Coyote	The Stranger at Coyote	0	1912	\N	\N	Drama,Short,Western
tt0005032	movie	Buckshot John	Buckshot John	0	1915	\N	50	Drama,Western
tt0000748	short	The Red Man and the Child	The Redman and the Child	0	1908	\N	14	Action,Short,Western
tt0003423	movie	Die Sumpfblume	Die Sumpfblume	0	1913	\N	53	\N
tt0003232	short	Old Doc Yak and the Artist's Dream	Old Doc Yak and the Artist's Dream	0	1913	\N	\N	Animation,Comedy,Short
tt0001924	short	The Thief and the Girl	The Thief and the Girl	0	1911	\N	18	Drama,Short
tt0001820	short	The Outlaw Samaritan	The Outlaw Samaritan	0	1911	\N	\N	Short,Western
tt0001482	short	As in a Looking Glass	As in a Looking Glass	0	1911	\N	30	Drama,Short
tt0004651	movie	A Study in Scarlet	A Study in Scarlet	0	1914	\N	\N	Drama,Mystery
tt0000908	short	In Old Kentucky	In Old Kentucky	0	1909	\N	11	Drama,Short,War
tt0002678	short	Ben Bolt	Ben Bolt	0	1913	\N	40	Adventure,Short
tt0001460	short	The Woman from Mellon's	The Woman from Mellon's	0	1910	\N	11	Drama,Short
tt0000945	short	Lucky Jim	Lucky Jim	0	1909	\N	5	Drama,Short
tt0004736	short	Twenty Minutes of Love	Twenty Minutes of Love	0	1914	\N	20	Comedy,Short
tt0003742	movie	Calatayud en fiestas	Calatayud en fiestas	0	1914	\N	\N	Documentary
tt0001143	short	The Call to Arms	The Call to Arms	0	1910	\N	17	Drama,Short
tt0003358	short	Scenes of Other Days	Scenes of Other Days	0	1913	\N	\N	Drama,Short
tt0004528	movie	Rescue of the Stefansson Arctic Expedition	Rescue of the Stefansson Arctic Expedition	0	1914	\N	\N	Documentary
tt0000584	short	El ciego de la aldea	El ciego de la aldea	0	1907	\N	8	Crime,Drama,Short
tt0003373	short	The Sheriff's Story	The Sheriff's Story	0	1913	\N	\N	Short,Western
tt0001478	short	The Angel of Paradise Ranch	The Angel of Paradise Ranch	0	1911	\N	\N	Short,Western
tt0003886	movie	Enoch Arden	Enoch Arden	0	1914	\N	\N	Drama
tt0004373	movie	The Mysterious Mr. Wu Chung Foo	The Mysterious Mr. Wu Chung Foo	0	1914	\N	\N	Drama
tt0005038	short	The Burned Hand	The Burned Hand	0	1915	\N	\N	Drama,Short
tt0000150	short	Danse fleur de lotus	Danse fleur de lotus	0	1897	\N	1	Documentary,Short
tt0002255	short	Hot Stuff	Hot Stuff	0	1912	\N	8	Comedy,Short
tt0003963	short	Finger Prints	Finger Prints	0	1914	\N	22	Short,Thriller
tt0001735	short	Little Lady Lafayette	Little Lady Lafayette	0	1911	\N	14	Short
tt0004677	movie	The Temptations of Satan	The Temptations of Satan	0	1914	\N	\N	\N
tt0002629	short	The Angel of Death	The Angel of Death	0	1913	\N	\N	Drama,Short
tt0003119	short	Mannekängen	Mannekängen	0	1913	\N	\N	Comedy,Short
tt0004769	movie	The Voice at the Telephone	The Voice at the Telephone	0	1914	\N	\N	Drama
tt0000516	short	The Electric Hotel	El hotel eléctrico	0	1908	\N	8	Animation,Fantasy,Sci-Fi
tt0000419	short	L'équilibriste	L'équilibriste	0	1902	\N	\N	Short
tt0004008	short	Gertie the Dinosaur	Gertie the Dinosaur	0	1914	\N	12	Animation,Comedy,Family
tt0000839	short	The Curse of Money	The Curse of Money	0	1909	\N	\N	Drama,Short
tt0002497	short	So Near, Yet So Far	So Near, Yet So Far	0	1912	\N	17	Crime,Romance,Short
tt0003411	short	The Stolen Moccasins	The Stolen Moccasins	0	1913	\N	10	Short,Western
tt0002835	short	Exoneration	Exoneration	0	1913	\N	22	Drama,Short
tt0004081	short	Her Old Teacher	Her Old Teacher	0	1914	\N	10	Drama,Short
tt0000999	short	Paul Wang's Destiny	Paul Wangs skæbne	0	1909	\N	\N	Drama,Short
tt0000004	short	Un bon bock	Un bon bock	0	1892	\N	12	Animation,Short
tt0001019	short	The Road Agents	The Road Agents	0	1909	\N	\N	Crime,History,Short
tt0003226	short	Oil and Water	Oil and Water	0	1913	\N	25	Drama,Short
tt0003743	movie	The Call of the North	The Call of the North	0	1914	\N	\N	Adventure,Drama
tt0004015	short	The Ghost	The Ghost	0	1913	\N	\N	Drama,Short
tt0004483	movie	The Port of Missing Men	The Port of Missing Men	0	1914	\N	139	Drama
tt0004610	short	Snakeville's New Doctor	Snakeville's New Doctor	0	1914	\N	\N	Comedy,Short,Western
tt0001589	short	Dutch Gold Mine	Dutch Gold Mine	0	1911	\N	9	Comedy,Short
tt0002866	short	First Love	First Love	0	1913	\N	\N	Comedy,Romance,Short
tt0000266	short	Above the Speedway	Above the Speedway	0	1900	\N	\N	Documentary,Short
tt0003971	movie	The Flooding and Opening of the Panama Canal	The Flooding and Opening of the Panama Canal	0	1914	\N	\N	Documentary
tt0001985	short	The Winds of Fate	The Winds of Fate	0	1911	\N	\N	Drama,Short
tt0004102	short	His Prehistoric Past	His Prehistoric Past	0	1914	\N	22	Comedy,Short
tt0003521	short	The Web	The Web	0	1913	\N	\N	Drama,Short
tt0005026	short	Broncho Billy's Sentence	Broncho Billy's Sentence	0	1915	\N	17	Short,Western
tt0003779	movie	Cocaine Traffic; or, the Drug Terror	Cocaine Traffic; Or, The Drug Terror	0	1914	\N	\N	Drama
tt0000309	short	How It Feels to Be Run Over	How It Feels to Be Run Over	0	1900	\N	1	Comedy,Short
tt0001776	short	Max Takes Tonics	Max victime du quinquina	0	1911	\N	17	Comedy,Short
tt0004159	short	The Interference of Broncho Billy	The Interference of Broncho Billy	0	1914	\N	\N	Action,Adventure,Short
tt0000730	short	Mr. Jones at the Ball	Mr. Jones at the Ball	0	1908	\N	8	Comedy,Short
tt0001607	short	Fate's Turning	Fate's Turning	0	1911	\N	17	Romance,Short
tt0002260	short	How a Mosquito Operates	How a Mosquito Operates	0	1912	\N	6	Animation,Comedy,Short
tt0004579	short	Shadows	Shadows	0	1914	\N	\N	Crime,Drama,Romance
tt0003873	short	Easy Money	Easy Money	0	1914	\N	\N	Comedy,Short
tt0002509	short	The Street Singer	The Street Singer	0	1912	\N	\N	Drama,Short
tt0002803	short	A Dip Into Society	A Dip Into Society	0	1913	\N	7	Comedy,Short
tt0001322	short	The Millionaire and the Ranch Girl	The Millionaire and the Ranch Girl	0	1910	\N	\N	Short,Western
tt0002265	short	In Swift Waters	In Swift Waters	0	1912	\N	\N	Drama,Romance,Short
tt0004270	movie	La lucha contra el destino	La lucha contra el destino	0	1914	\N	\N	\N
tt0000589	short	Descoberta da América por Cristovão Colombo	Descoberta da América por Cristovão Colombo	0	1907	\N	\N	Documentary,Short
tt0000271	short	Arrivée de Pierette et Pierrot	Arrivée de Pierette et Pierrot	0	1900	\N	\N	Short
tt0004461	short	The Peach Brand	The Peach Brand	0	1914	\N	\N	Drama,Short,Western
tt0001122	movie	The Red Inn	L'auberge rouge	0	1910	\N	\N	\N
tt0002909	short	The Grand Military Parade	The Grand Military Parade	0	1913	\N	\N	Short
tt0004267	movie	Love Never Dies	Love Never Dies	0	1916	\N	50	Drama
tt0000934	short	Leather Stocking	Leather Stocking	0	1909	\N	11	Adventure,Drama,Short
tt0002663	short	Barney Oldfield's Race for a Life	Barney Oldfield's Race for a Life	0	1913	\N	13	Comedy,Short
tt0005022	short	Broncho Billy's Love Affair	Broncho Billy's Love Affair	0	1912	\N	\N	Short,Western
tt0003669	movie	A becsapott újságíró	A becsapott újságíró	0	1915	\N	\N	\N
tt0002423	movie	Passion	Madame DuBarry	0	1919	\N	113	Biography,Drama,Romance
tt0004507	short	The Quest of the Sacred Jewel	The Quest of the Sacred Jewel	0	1914	\N	40	Drama,Short
tt0003630	movie	Golddigger	Az aranyásó	0	1914	\N	\N	Drama,Western
tt0001592	movie	In the Prime of Life	Ekspeditricen	0	1911	\N	52	Drama
tt0002070	short	The Brave Hunter	The Brave Hunter	0	1912	\N	7	Comedy,Short
tt0002420	short	Partners for Life	Partners for Life	0	1912	\N	\N	Comedy,Drama,Short
tt0000928	short	King Lear	King Lear	0	1909	\N	16	Drama,Short
tt0003595	movie	Across the Pacific	Across the Pacific	0	1914	\N	50	Adventure,Drama,Romance
tt0001526	short	The Call of the Song	The Call of the Song	0	1911	\N	\N	Drama,Romance,Short
tt0004361	short	The Moving Picture Cowboy	The Moving Picture Cowboy	0	1914	\N	\N	Short,Western
tt0003500	short	Vampyren	Vampyren	0	1913	\N	43	Short
tt0004635	movie	The Squaw Man	The Squaw Man	0	1914	\N	74	Action,Drama,Romance
tt0003468	short	Toplitsky and Company	Toplitsky and Company	0	1913	\N	10	Comedy,Short
tt0003045	short	Lady Marions sommarflirt	Lady Marions sommarflirt	0	1913	\N	18	Drama,Short
tt0004316	short	Max et le mari jaloux	Max et le mari jaloux	0	1912	\N	14	Comedy,Short
tt0000061	short	Dancing Girls	Dancing Girls	0	1896	\N	\N	Short
tt0004522	short	The Redemption of David Corson	The Redemption of David Corson	0	1914	\N	40	Drama,Short
tt0000602	short	Lion Hunting	Løvejagten	0	1907	\N	10	Adventure,Drama,Short
tt0003636	short	Ashes of the Past	Ashes of the Past	0	1914	\N	\N	Drama,Short
tt0004782	short	The Wasp	The Wasp	0	1914	\N	\N	Drama,Short
tt0004589	short	Shotgun Jones	Shotgun Jones	0	1914	\N	20	Short,Western
tt0001959	short	An Unknown Language	An Unknown Language	0	1911	\N	\N	Comedy,Short
tt0003829	short	The Den of Thieves	The Den of Thieves	0	1914	\N	\N	Crime,Drama,Short
tt0004410	short	Nubes negras	Nubes negras	0	1914	\N	6	Short
tt0001420	short	A Tragedy of the Olden Times	A Tragedy of the Olden Times	0	1911	\N	\N	Crime,Drama,Short
tt0002151	short	The Last Performance	Dödsritten under cirkuskupolen	0	1912	\N	17	Drama,Short
tt0005045	movie	Los cabellos blancos	Los cabellos blancos	0	1915	\N	\N	\N
tt0001340	short	The Oath and the Man	The Oath and the Man	0	1910	\N	17	Drama,Short
tt0004233	short	The Lion, the Lamb, the Man	The Lion, the Lamb, the Man	0	1914	\N	\N	Drama,Short
tt0001043	movie	Smith's Knockabout Theatre	Smith's Knockabout Theatre	0	1909	\N	\N	\N
tt0004038	movie	The Great Leap: Until Death Do Us Part	The Great Leap: Until Death Do Us Part	0	1914	\N	\N	Drama,Romance
tt0003878	movie	O Embarque das Tropas Expedicionárias para Angola e Moçambique	O Embarque das Tropas Expedicionárias para Angola e Moçambique	0	1914	\N	\N	Documentary
tt0002873	short	For Lizzie's Sake	For Lizzie's Sake	0	1913	\N	8	Comedy,Short
tt0001617	short	The Fisherman's Daughter	The Fisherman's Daughter	0	1911	\N	17	Drama,Short
tt0002522	short	The Third Thanksgiving	The Third Thanksgiving	0	1912	\N	\N	Drama,Short
tt0003117	short	Man's Duty	Man's Duty	0	1913	\N	10	Drama,Short,Western
tt0003695	short	A Brand New Hero	A Brand New Hero	0	1914	\N	\N	Comedy,Short
tt0002708	short	Broncho Billy's First Arrest	Broncho Billy's First Arrest	0	1913	\N	11	Short,Western
tt0005050	short	The Campbells Are Coming	The Campbells Are Coming	0	1915	\N	40	Drama,History,Short
tt0000459	short	Panorama of Riker's Island, N.Y.	Panorama of Riker's Island, N.Y.	0	1903	\N	2	Documentary,Short
tt0001583	short	La digue	La digue	0	1911	\N	\N	Drama,Short
tt0001636	short	Galileo	Galileo	0	1911	\N	17	Short
tt0001168	short	A Cowboy's Mother-in-Law	A Cowboy's Mother-in-Law	0	1910	\N	\N	Comedy,Short,Western
tt0000295	short	Danse du voile	Danse du voile	0	1900	\N	\N	Short
tt0002598	short	An Accidental Servant	An Accidental Servant	0	1913	\N	\N	Comedy,Short
tt0000364	short	Panorama of Esplanade by Night	Panorama of Esplanade by Night	0	1901	\N	1	Documentary,Short
tt0000265	short	Above the Limit	Above the Limit	0	1900	\N	\N	Comedy,Short
tt0002494	short	The Sketch with the Thumb Print	The Sketch with the Thumb Print	0	1912	\N	\N	Drama,Short
tt0002343	short	Man's Lust for Gold	Man's Lust for Gold	0	1912	\N	17	Drama,Short
tt0001849	short	The Ranchman's Son	The Ranchman's Son	0	1911	\N	\N	Short,Western
tt0001826	short	Par habitude	Par habitude	0	1911	\N	\N	Comedy,Short
tt0001051	movie	El sueño milagroso	El sueño milagroso	0	1909	\N	\N	\N
tt0000319	short	Maple Leaf Viewing	Momijigari	0	1899	\N	6	Horror,Short
tt0000017	short	Italienischer Bauerntanz	Italienischer Bauerntanz	0	1895	\N	1	Documentary,Short
tt0002301	movie	Leiria	Leiria	0	1912	\N	\N	Documentary
tt0002212	short	The God Within	The God Within	0	1912	\N	11	Drama,Short
tt0000606	short	Mr. Gay and Mrs.	Mr. Gay and Mrs.	0	1907	\N	\N	Comedy,Short
tt0002324	short	The International Spies	Lieutenant Daring, R.N. And the Plans of the Mine Fields	0	1912	\N	13	Drama,Short,Thriller
tt0000145	short	En classe	En classe	0	1897	\N	\N	Comedy,Short
tt0000700	short	Her First Adventure	Her First Adventure	0	1908	\N	6	Drama,Short
tt0002231	short	Heaven Avenges	Heaven Avenges	0	1912	\N	17	Romance,Short
tt0000986	short	Nursing a Viper	Nursing a Viper	0	1909	\N	10	Drama,Short
tt0001886	short	The Siege of Calais	Le siège de Calais	0	1911	\N	\N	Drama,Short,War
tt0000628	short	The Adventures of Dollie	Adventures of Dollie	0	1908	\N	12	Action,Short
tt0001123	short	Away Out West	Away Out West	0	1910	\N	\N	Short,Western
tt0000554	short	Humorous Phases of Funny Faces	Humorous Phases of Funny Faces	0	1906	\N	3	Animation,Comedy,Family
tt0000632	short	Love That Kills	Amor que mata	0	1908	\N	14	Drama,Short
tt0001616	short	The Fisher-Maid	The Fisher-Maid	0	1911	\N	10	Drama,Short
tt0003141	short	The Midget's Revenge	The Midget's Revenge	0	1913	\N	\N	Comedy,Short
tt0001422	movie	Trail to the West	Trail to the West	0	1910	\N	\N	\N
tt0004060	short	Hearts and Diamonds	Hearts and Diamonds	0	1914	\N	33	Comedy,Short
tt0003708	short	Broncho Billy and the Settler's Daughter	Broncho Billy and the Settler's Daughter	0	1914	\N	11	Short,Western
tt0003616	short	Ambrose's Little Hatchet	Ambrose's Little Hatchet	0	1915	\N	\N	Comedy,Short
tt0002933	short	The Heart of a Jewess	The Heart of a Jewess	0	1913	\N	21	Drama,Short
tt0001030	short	Saul and David	Saul and David	0	1909	\N	10	Drama,Short
tt0001401	short	The Sorrows of the Unfaithful	The Sorrows of the Unfaithful	0	1910	\N	17	Drama,Short
tt0000905	short	I Did It	I Did It	0	1909	\N	4	Short
tt0002429	short	Petticoat Camp	Petticoat Camp	0	1912	\N	15	Comedy,Short
tt0000289	short	Coucher d'une Parisienne	Coucher d'une Parisienne	0	1900	\N	\N	Short
tt0002984	short	The House in the Tree	The House in the Tree	0	1913	\N	11	Short
tt0001031	short	Schneider's Anti-Noise Crusade	Schneider's Anti-Noise Crusade	0	1909	\N	\N	Comedy,Short
tt0002848	short	Fate	Fate	0	1913	\N	17	Drama,Short
tt0003422	short	The Sultan's Harem	The Sultan's Harem	0	1913	\N	\N	Animation,Short
tt0003805	short	Cruel, Cruel Love	Cruel, Cruel Love	0	1914	\N	16	Comedy,Romance,Short
tt0002568	short	War's Havoc	War's Havoc	0	1912	\N	\N	Drama,Short,War
tt0003917	short	The Fable of the Husband Who Showed Up and Did His Duty	The Fable of the Husband Who Showed Up and Did His Duty	0	1914	\N	\N	Comedy,Short
tt0002034	short	At Coney Island	At Coney Island	0	1912	\N	6	Comedy,Short
tt0003507	movie	The Vicar of Wakefield	The Vicar of Wakefield	0	1913	\N	\N	Drama
tt0002105	short	A Clue to Her Parentage	A Clue to Her Parentage	0	1912	\N	11	Short,Thriller
tt0002900	short	The Girl and the Outlaw	The Girl and the Outlaw	0	1913	\N	\N	Short,Western
tt0002284	short	The Guerrillas of Algiers; or, The Mosque in the Desert	Jean la Poudre	0	1913	\N	\N	Short,Thriller,War
tt0002696	short	Bread Cast Upon the Waters	Bread Cast Upon the Waters	0	1913	\N	22	Drama,Short
tt0004799	short	When Thieves Fall Out	When Thieves Fall Out	0	1914	\N	\N	Drama,Romance,Short
tt0004475	short	The Plumber	The Plumber	0	1914	\N	12	Comedy,Short
tt0003405	short	Starving for Love	Starving for Love	0	1913	\N	\N	Comedy,Short
tt0003340	short	The Romance of Rowena	The Romance of Rowena	0	1913	\N	28	Comedy,Short
tt0001222	short	The Forest Ranger	The Forest Ranger	0	1910	\N	\N	Short,Western
tt0004988	movie	Body and Soul	Body and Soul	0	1915	\N	50	Drama
tt0003902	short	The Fable of How Uncle Brewster Was Too Shifty for the Tempter	The Fable of How Uncle Brewster Was Too Shifty for the Tempter	0	1914	\N	\N	Comedy,Short
tt0003402	short	A Splendid Scapegrace	A Splendid Scapegrace	0	1913	\N	\N	Drama,Short
tt0004469	movie	Pieces of Silver: A Story of Hearts and Souls	Pieces of Silver: A Story of Hearts and Souls	0	1914	\N	\N	Drama
tt0003338	short	Rockefeller	Rockefeller	0	1913	\N	\N	Animation,Short
tt0001070	short	Tragedia torera	Tragedia torera	0	1909	\N	14	Short
tt0002422	short	The Passing Shadow	The Passing Shadow	0	1912	\N	\N	Drama,Short
tt0003773	short	A Circumstantial Nurse	A Circumstantial Nurse	0	1914	\N	11	Drama,Short
tt0000163	short	Le planton du colonel	Le planton du colonel	0	1897	\N	\N	Comedy,Short
tt0000892	short	Her First Biscuits	Her First Biscuits	0	1909	\N	6	Comedy,Short
tt0000297	short	Danses	Danses	0	1900	\N	\N	Short
tt0004634	short	The Squatters	The Squatters	0	1914	\N	\N	Drama,Short
tt0001004	short	Portrait of Mireille	Le portrait de Mireille	0	1909	\N	8	Short
tt0000598	short	Hamlet, Prince of Denmark	Hamlet	0	1907	\N	10	Drama,Short
tt0001929	short	Through His Wife's Picture	Through His Wife's Picture	0	1911	\N	9	Comedy,Short
tt0003394	movie	Den sorte familie	Den sorte familie	0	1914	\N	\N	\N
tt0002565	short	Los viveskis sin contrato	Los viveskis sin contrato	0	1912	\N	20	Short
tt0000053	short	A Chegada do Comboio Inaugural à Estação Central do Porto	A Chegada do Comboio Inaugural à Estação Central do Porto	0	1897	\N	\N	Documentary,Short
tt0002140	movie	Do Men Love Women?	Do Men Love Women?	0	1912	\N	\N	\N
tt0003801	short	The Coward and the Man	The Coward and the Man	0	1914	\N	12	Drama,Short
tt0001522	short	Buffalo Bill on the Brain	Buffalo Bill on the Brain	0	1911	\N	6	Comedy,Short
tt0003214	short	Christmas Eve	Noch pered Rozhdestvom	0	1913	\N	41	Comedy,Fantasy,Short
tt0000780	short	Hercules the Athlete; or, Love Behind the Scenes	Verdens Herkules	0	1908	\N	\N	Short
tt0002241	short	Heredity	Heredity	0	1912	\N	17	Drama,Short
tt0001249	short	His Last Dollar	His Last Dollar	0	1910	\N	\N	Comedy,Short
tt0002511	short	Los sueños de Palomeque	Los sueños de Palomeque	0	1912	\N	17	Short
tt0002726	short	By Man's Law	By Man's Law	0	1913	\N	20	Drama,Short
tt0002100	short	Chumps	Chumps	0	1912	\N	\N	Comedy,Short
tt0001393	short	Serious Sixteen	Serious Sixteen	0	1910	\N	9	Comedy,Short
tt0003313	short	The Ranchero's Revenge	The Ranchero's Revenge	0	1913	\N	17	Short,Western
tt0002601	short	The Adopted Brother	The Adopted Brother	0	1913	\N	10	Drama,Short
tt0004186	short	The Keeper of the Light	The Keeper of the Light	0	1914	\N	\N	Drama,Romance,Short
tt0002305	movie	Life of Villa	Life of Villa	0	1912	\N	\N	Documentary,War
tt0004913	short	The Artist's Model	The Artist's Model	0	1916	\N	\N	Comedy,Short
tt0000578	short	An Awful Skate; or, the Hobo on Rollers	An Awful Skate; or, The Hobo on Rollers	0	1907	\N	\N	Comedy,Family,Short
tt0003316	movie	The Rattlesnake	The Rattlesnake	0	1913	\N	56	Drama,Western
tt0003128	short	Mary's Romance	Mary's Romance	0	1913	\N	\N	Comedy,Romance,Short
tt0001246	short	La hija del guardacostas	La hija del guardacostas	0	1910	\N	\N	Drama,Short
tt0001396	short	Simple Charity	Simple Charity	0	1910	\N	17	Drama,Short
tt0003321	short	Red Sweeney's Mistake	Red Sweeney's Mistake	0	1913	\N	27	Comedy,Drama,Short
tt0003591	short	Absinthe	Absinthe	0	1914	\N	40	Drama,Short
tt0002086	short	Captain Barnacle's Messmates	Captain Barnacle's Messmates	0	1912	\N	\N	Comedy,Short
tt0004172	short	Jim Cameron's Wife	Jim Cameron's Wife	0	1914	\N	20	Drama,Short
tt0001207	short	Faithful	Faithful	0	1910	\N	17	Drama,Short
tt0003901	short	The Fable of Higher Education That Was Too High for the Old Man	The Fable of Higher Education That Was Too High for the Old Man	0	1914	\N	\N	Comedy,Short
tt0001910	short	Sweet Memories	Sweet Memories	0	1911	\N	10	Drama,Romance,Short
tt0001500	short	Bedraget i døden	Bedraget i døden	0	1911	\N	33	Drama,Short
tt0001399	short	The Smoker	The Smoker	0	1910	\N	\N	Comedy,Short
tt0003512	short	The Voyage of the Bourrichon Family	Le voyage de la famille Bourrichon	0	1913	\N	15	Comedy,Short
tt0002850	short	Father's Hatband	Father's Hatband	0	1913	\N	11	Comedy,Short
tt0001421	short	Le tragique amour de Mona Lisa	Le tragique amour de Mona Lisa	0	1912	\N	24	Drama,Short
tt0001611	short	Fiestas del Sitio en Bilbao	Fiestas del Sitio en Bilbao	0	1911	\N	\N	Documentary,Short
tt0004929	short	The Avenging Hand	The Avenging Hand	0	1915	\N	19	Horror,Short
tt0002531	short	Song of Death	Der Totentanz	0	1911	\N	34	Drama,Short
tt0001995	short	Adam and Eve	Adam and Eve	0	1912	\N	11	Drama,Short
tt0001492	short	The Backwoodsman's Suspicion	The Backwoodsman's Suspicion	0	1911	\N	\N	Adventure,Short,Western
tt0001211	short	Faust	Faust	0	1910	\N	18	Drama,Short
tt0000480	short	Le coffre enchanté	Le coffre enchanté	0	1904	\N	3	Fantasy,Short
tt0004563	movie	The Scales of Justice	The Scales of Justice	0	1914	\N	\N	Drama
tt0003093	short	Love in an Apartment Hotel	Love in an Apartment Hotel	0	1913	\N	17	Drama,Short
tt0003799	movie	The County Chairman	The County Chairman	0	1914	\N	\N	Comedy,Drama
tt0003268	short	The Perfidy of Mary	The Perfidy of Mary	0	1913	\N	17	Drama,Short
tt0000039	short	Barnet Horse Fair	Barnet Horse Fair	0	1896	\N	\N	Short
tt0002392	short	The Night Before Christmas	The Night Before Christmas	0	1912	\N	\N	Drama,Short
tt0002218	short	The Governor	The Governor	0	1912	\N	\N	Drama,Short
tt0004455	short	Passing of the Beast	Passing of the Beast	0	1914	\N	\N	Drama,Short
tt0002917	movie	Brother Against Brother	Gränsfolken	0	1913	\N	51	Drama
tt0003910	short	The Fable of the Bush League Lover Who Failed to Qualify	The Fable of the Bush League Lover Who Failed to Qualify	0	1914	\N	\N	Comedy,Short
tt0002969	short	His Second Wife	His Second Wife	0	1913	\N	9	Comedy,Drama,Romance
tt0002637	movie	Arizona	Arizona	0	1913	\N	45	Drama,Western
tt0001471	short	En Opfinders Skæbne	En Opfinders Skæbne	0	1912	\N	\N	Drama,Short
tt0003227	movie	The Girl from Abroad; or, The Great Underworld	Den okända	0	1913	\N	54	Drama
tt0000332	short	Retour des champs	Retour des champs	0	1900	\N	2	Documentary,Short
tt0002582	short	The Widow Casey's Return	The Widow Casey's Return	0	1912	\N	\N	Comedy,Short
tt0004188	movie	The Key to Yesterday	The Key to Yesterday	0	1914	\N	\N	Drama
tt0001248	short	His Last Burglary	His Last Burglary	0	1910	\N	17	Drama,Short
tt0000789	short	The Zulu's Heart	The Zulu's Heart	0	1908	\N	13	Action,Short
tt0002643	short	Ashes	Ashes	0	1913	\N	22	Drama,Short
tt0000726	short	Monasterio de Poblet	Monasterio de Poblet	0	1908	\N	10	Documentary,Short
tt0002495	short	The Skinflint	The Skinflint	0	1912	\N	\N	Drama,Short
tt0000926	short	Justicia de Felipe II	Justicia de Felipe II	0	1909	\N	\N	Drama,History,Short
tt0004846	movie	Zudora	Zudora	0	1914	\N	\N	Adventure,Mystery
tt0000078	short	Feira de Gado na Corujeira	Feira de Gado na Corujeira	0	1896	\N	1	Documentary,Short
tt0000841	short	The Day After	The Day After	0	1909	\N	8	Comedy,Short
tt0001923	short	Their First Misunderstanding	Their First Misunderstanding	0	1911	\N	10	Drama,Short
tt0000992	short	De onde Veje	De onde Veje	0	1909	\N	\N	Short
tt0004036	short	A Grateful Outcast	A Grateful Outcast	0	1914	\N	11	Drama,Short
tt0000666	short	Corrida de toros con Antonio Fuentes	Corrida de toros con Antonio Fuentes	0	1908	\N	25	Documentary,Short,Sport
tt0004357	movie	A Mother's Heart	A Mother's Heart	0	1914	\N	48	Drama
tt0004386	short	The Necklace of Rameses	The Necklace of Rameses	0	1914	\N	\N	Drama,Short
tt0004690	short	Thirty Leagues Under the Sea	Thirty Leagues Under the Sea	0	1914	\N	13	Documentary,Short
tt0001196	short	Elverhøj	Elverhøj	0	1910	\N	17	History,Short
tt0002199	movie	From the Manger to the Cross	From the Manger to the Cross	0	1912	\N	71	Biography,Drama
tt0000449	short	Lutteurs américains	Lutteurs américains	0	1903	\N	\N	Short
tt0002010	short	Alkali Ike's Motorcycle	Alkali Ike's Motorcycle	0	1912	\N	\N	Comedy,Short
tt0000005	short	Blacksmith Scene	Blacksmith Scene	0	1893	\N	1	Short
tt0002782	short	Cupid's Lieutenant	Cupid's Lieutenant	0	1913	\N	11	Comedy,Romance,Short
tt0000858	short	The Expiation	The Expiation	0	1909	\N	11	Drama,Short
tt0004300	short	The Man of Destiny	The Man of Destiny	0	1914	\N	\N	Drama,Short
tt0003037	movie	Fantomas: The Man in Black	Fantômas II: Juve contre Fantômas	0	1913	\N	61	Crime,Drama
tt0001480	short	Arizona Bill	Arizona Bill	0	1911	\N	\N	Short,Western
tt0000283	short	Chez le Maréchal-Ferrant	Chez le Maréchal-Ferrant	0	1900	\N	\N	Short
tt0002219	short	The Grandfather	The Grandfather	0	1912	\N	\N	Drama,Short
tt0001591	short	Le dévouement d'un gosse	Le dévouement d'un gosse	0	1911	\N	8	Drama,Short
tt0001733	short	The Lily of the Tenements	The Lily of the Tenements	0	1911	\N	17	Drama,Short
tt0001939	short	The Tribe's Penalty	The Tribe's Penalty	0	1911	\N	\N	Short,Western
tt0001096	short	Within an Ace	Within an Ace	0	1909	\N	\N	Drama,Short,War
tt0004313	movie	The Master Key	The Master Key	0	1914	\N	310	Action,Adventure,Drama
tt0000887	short	Hansel and Gretel	Hansel and Gretel	0	1909	\N	\N	Drama,Short
tt0003896	short	As Expedições Portuguesas a África	As Expedições Portuguesas a África	0	1914	\N	\N	Documentary,Short
tt0003955	movie	Fiestas del Coso Blanco en Tarragona	Fiestas del Coso Blanco en Tarragona	0	1914	\N	\N	Documentary
tt0003960	movie	Loyalty	La fille de Delft	0	1914	\N	68	\N
tt0004943	movie	The Battle and Fall of Przemysl	The Battle and Fall of Przemysl	0	1915	\N	\N	Documentary
tt0000506	short	The Effects of Too Much Scotch	D.T.'s, or the Effect of Drink	0	1905	\N	\N	Drama,Short
tt0000690	short	For a Wife's Honor	For a Wife's Honor	0	1908	\N	8	Drama,Short
tt0000200	short	Gran corrida de toros	Gran corrida de toros	0	1898	\N	\N	Documentary,Short,Sport
tt0004273	short	The Lucky Elopement	The Lucky Elopement	0	1914	\N	\N	Comedy,Crime,Romance
tt0002978	movie	Hoodman Blind	Hoodman Blind	0	1913	\N	50	Drama
tt0000539	short	Bonden i København	Bonden i København	0	1906	\N	\N	Short
tt0002226	short	Happy Scenes from Animal Life	Veselye stsenki iz zhizni zhivotnykh	0	1912	\N	2	Animation,Short
tt0003229	short	An Old Actor	An Old Actor	0	1913	\N	\N	Drama,Short
tt0003094	short	The Love of Penelope	The Love of Penelope	0	1913	\N	\N	Drama,Romance,Short
tt0001882	short	The Silent Tongue	The Silent Tongue	0	1911	\N	\N	Comedy,Short
tt0002638	short	Art and Honor	Art and Honor	0	1913	\N	11	Drama,Short
tt0002899	short	The Girl Reporter	The Girl Reporter	0	1913	\N	\N	Comedy,Short
tt0000707	short	The Ingrate	The Ingrate	0	1908	\N	15	Action,Short
tt0003927	short	A False Beauty	A False Beauty	0	1914	\N	10	Short
tt0003807	movie	El cuervo del campamento	El cuervo del campamento	0	1914	\N	\N	\N
tt0004011	short	A Fair Exchange	Getting Acquainted	0	1914	\N	16	Comedy,Short
